SN,en,new,,,,,,,,,,,,,,,,,,,,,,,
,welcome to Ideax,Ideax ए लसकुस​,,,,,,,,,,,,,,,,,,,,,,,
,this is a test,थो test ख​,,,,,,,,,,,,,,,,,,,,,,,
,wa are tongue techies,जिपि tongue techies ख​,,,,,,,,,,,,,,,,,,,,,,,
,this is just a demo,थो demo जक ख​,,,,,,,,,,,,,,,,,,,,,,,
,I am from Urlabari,जि उर्लाबारी च्वंम्ह,,,,,,,,,,,,,,,,,,,,,,,
,I am from Damak,जि दमक च्वंम्ह,,,,,,,,,,,,,,,,,,,,,,,
,I am from Birtamod,जि बिर्तामोड च्वंम्ह,,,,,,,,,,,,,,,,,,,,,,,
1,My name is Nishant,जिगू नां निशान्त खः।,,,,,,,,,,,,,,,,,,,,,,,
2,My name is Drishya,जिगू नां दृश्य खः।,,,,,,,,,,,,,,,,,,,,,,,
3,"Hello, my name is Sushan",ज्वजलपा जिगू नां सुशन खः।,,,,,,,,,,,,,,,,,,,,,,,
4,"Hi, my name is Milan",ज्वजलपा जिगू नां मिलन खः।,,,,,,,,,,,,,,,,,,,,,,,
7,I was thinking about you. I worry for you a lot,जि छँगु हे बारे मतियाना चोनौउ । छँगु चिन्ता लगेजुया चोव्नी जित ।,,,,,,,,,,,,,,,,,,,,,,,
8,I heard that she has a daughter the same age as yours.,उयिउ छ-पाए-ह्री-म म्ह्याए दु धाउ न्यनौउ ।,,,,,,,,,,,,,,,,,,,,,,,
9,"If you want to eat something yummy, you can come to my restaurant",साउ साउ ने मासे व सा जिगु खाजा घरे(छें) व सा जिउ ।,,,,,,,,,,,,,,,,,,,,,,,
10,Don't drink too much when you go to a party,ग्वार-त्वीक ऐला त्वोने मते न्हि भ्वे वोँ साँ ।,,,,,,,,,,,,,,,,,,,,,,,
11,Money,धेबा,,,,,,,,,,,,,,,,,,,,,,,
12,Wife,कला,,,,,,,,,,,,,,,,,,,,,,,
13,Husband,भा-त,,,,,,,,,,,,,,,,,,,,,,,
14,Girl,मिसा,,,,,,,,,,,,,,,,,,,,,,,
15,Boy,मिजँ,,,,,,,,,,,,,,,,,,,,,,,
16,Tea,च्या,,,,,,,,,,,,,,,,,,,,,,,
17,I love you more,जिँ छँन्त यक्को मतिना याना,,,,,,,,,,,,,,,,,,,,,,,
18,Try to understand,थुईकि,,,,,,,,,,,,,,,,,,,,,,,
19,It's cold,चिकुल,,,,,,,,,,,,,,,,,,,,,,,
20,How are you?,छु दु खबर?,,,,,,,,,,,,,,,,,,,,,,,
21,Nothing,छु न मजु ।,,,,,,,,,,,,,,,,,,,,,,,
22,What are you doing?,छु याना चोव्ना?,,,,,,,,,,,,,,,,,,,,,,,
23,Did you see my son dear?,ए बाबु जिमी काएयात मखनाला ?,,,,,,,,,,,,,,,,,,,,,,,
24,Ouachita Parish Public Library in downtown West Monroe,वेस्त मन्रोय् अवस्थित वाशिता प्यरिश पब्लिक लाइब्ररी,,,,,,,,,,,,,,,,,,,,,,,
25,Prehistory,प्रागितिहास,,,,,,,,,,,,,,,,,,,,,,,
26,The Ouachita River separates Monroe from West Monroe near the parish courthouse.,वाशिता खुसि मन्रो व वेस्त मन्रोया दसुइ प्यारिस न्यायालय नापं बाहा वनि।,,,,,,,,,,,,,,,,,,,,,,,
27,Adjacent parishes,नापंया प्यारिश,,,,,,,,,,,,,,,,,,,,,,,
28,"You have to carry it to the hospital, not in a taxi","ट्यक्सिई मखु, बुया अस्पताल यन्के मा ।",,,,,,,,,,,,,,,,,,,,,,,
29,Do not stay at home even for 1 minute,१ मिनेट न छें चोव्निउ मखु ।,,,,,,,,,,,,,,,,,,,,,,,
30,Are we the only ones at home?,छें झि ज-क ख ला ?,,,,,,,,,,,,,,,,,,,,,,,
31,Shouldn't you be speaking the truth right now?,आ खौउ खँ ल्हासाँ मजिउ छित ।,,,,,,,,,,,,,,,,,,,,,,,
32,Keep this money hidden in the drawer,थ्वो धेबा दराजजे सुचुका ति ।,,,,,,,,,,,,,,,,,,,,,,,
33,Why tease a stranger?,म्हम्सिउपिं मनु ते त छाए गिजेयानौउ?,,,,,,,,,,,,,,,,,,,,,,,
34,can't you call someone you know?,म्ह सिउपिंन्त सते मजिउ ला ?,,,,,,,,,,,,,,,,,,,,,,,
35,Dry the cloth on the roof,काप = कपडा (लुगा=लँ) कसिई यंका पा ?,,,,,,,,,,,,,,,,,,,,,,,
36,Don't pretend to gossip with me.,जि नाप खँ ल्हाउ त्वो देकेमते ।,,,,,,,,,,,,,,,,,,,,,,,
37,Does the cat not eat the meat hanging from the ceiling?,ला कसिई खाया भौउचाँ नैमखुला ?,,,,,,,,,,,,,,,,,,,,,,,
38,"In modern times, old things should not be talked about",मोदर्न जमानाए पुलाउँ खँल्हाए मजिउ ।,,,,,,,,,,,,,,,,,,,,,,,
39,"Yes, but my family has its own problems","खे त ला ख्, तर जिमी मा अबुया थगुहे समश्या दु ।",,,,,,,,,,,,,,,,,,,,,,,
40,I want to discuss my son's marriage,काएया ब्यायु खँ ल्ह्यए मा-ल / मासे वो ।,,,,,,,,,,,,,,,,,,,,,,,
41,I am about to be an old man,आ जि बुरा जुईन ।,,,,,,,,,,,,,,,,,,,,,,,
42,You still have your youth left,छँगु ला अझए जोवन बाँकी दु ।,,,,,,,,,,,,,,,,,,,,,,,
43,Who told you that?,छँ सुईत धयौउ वो खँ ।,,,,,,,,,,,,,,,,,,,,,,,
44,I saw you yesterday,जिँ छँन्त म्हिग खँउ ।,,,,,,,,,,,,,,,,,,,,,,,
45,Just listen to me,थन छक जिगु खँ न्यँ ।,,,,,,,,,,,,,,,,,,,,,,,
46,Look at me once,थन छक जित स्वो ।,,,,,,,,,,,,,,,,,,,,,,,
47,"According to the U.S. Census Bureau, the parish has a total area of 632 square miles (1,640 km2), of which 610 square miles (1,600 km2) is land and 21 square miles (54 km2) (3.4%) is water.[5]",संयुक्त राज्य अमेरिकाया तथ्याङ्क विभाग कथं थ्व प्यारिशया कूल क्षेत्रफल ६३२ वर्ग माइल (१६४० वर्ग किमि) दु गुकिलि ६१० वर्ग माइल (१६०० वर्ग किमि) बं व २१ वर्ग माइल (५४ वर्ग किमि) (३.४%) लः दु। [5],,,,,,,,,,,,,,,,,,,,,,,
48,National protected areas,राष्ट्रिय संरक्षित क्षेत्र,,,,,,,,,,,,,,,,,,,,,,,
49,I will look over there once,जी छ्क अन-त-क स्वोया वे ।,,,,,,,,,,,,,,,,,,,,,,,
50,"I don't know if it happened in other places, the rice was not cut in our place",मेथाए जुसा मसिउ । जिमी थाए वा लौउ मरु ।,,,,,,,,,,,,,,,,,,,,,,,
51,It was not even a cigar or a cigarette,वो चिलिम न मजिल । तमाखु न मजिल ।,,,,,,,,,,,,,,,,,,,,,,,
52,All this happened because of you,थ्वो दक्को छिम्सँ याना जुउ ख ।,,,,,,,,,,,,,,,,,,,,,,,
53,Take the broken umbrella and repair it,त्वोर्हु कुसा भिंन्के यंन्की ।,,,,,,,,,,,,,,,,,,,,,,,
54,How old are you?,छ ग्वोर द-त ?,,,,,,,,,,,,,,,,,,,,,,,
55,Every time he keeps money under one pretense,न्ह्यब्लें छगु न छगु त्वो तया ध्यबा बाकी याई ।,,,,,,,,,,,,,,,,,,,,,,,
56,He sits quietly infront of his father and mother,माँ अबुया न्ह्यने लाटा थें सुंन्क चोव्नी ।,,,,,,,,,,,,,,,,,,,,,,,
57,Don't speak a word,छगु शब्द नवाई मखु ।,,,,,,,,,,,,,,,,,,,,,,,
58,Don't speak rubbish with me,छ जि नाप य य थे हालिउ मखु ।,,,,,,,,,,,,,,,,,,,,,,,
59,It was sunny today,ठौं नक्तिकी निभा त्वोल्,,,,,,,,,,,,,,,,,,,,,,,
60,Eyes hurt from using mobile phone too much.,योक्को मोबाईल स्वोया मिखा श्यात्,,,,,,,,,,,,,,,,,,,,,,,
61,"If you use a mobile phone too much, it hurts your eyes",योक्को मोबाईल स्वोत कि मिखा श्याई,,,,,,,,,,,,,,,,,,,,,,,
62,"Don't use mobile too much, it hurts your eyes",योक्को मोबाईल स्वे मते मिखा श्याई,,,,,,,,,,,,,,,,,,,,,,,
63,What kind of wet rice did you cook today?,ठौं गयौउ नाएक जा थुयौउ,,,,,,,,,,,,,,,,,,,,,,,
64,"Stop that thief, I am coming",वो खुँया-त चिना ति न्हि । जि वोया चोव्ना,,,,,,,,,,,,,,,,,,,,,,,
65,Do not wear clothes with holes,व्हो-गौंउ लँ फिमते,,,,,,,,,,,,,,,,,,,,,,,
66,Wear warm clothes,लुमुउ लँ फिना हुँ ।,,,,,,,,,,,,,,,,,,,,,,,
67,What kind of dark place is this?,गयौउ ख्युँ थाए ख थ्वो,,,,,,,,,,,,,,,,,,,,,,,
68,Don't talk about those girls.,वो मिस्तेउ खँ ल्हाएमते,,,,,,,,,,,,,,,,,,,,,,,
69,It's been 15 minutes and the light doesn't come on,१५ मिनेट ज्विइ धुंन्कल मते मवो का,,,,,,,,,,,,,,,,,,,,,,,
70,You always do this,न्ह्याब्लेँ छँ थथे याई,,,,,,,,,,,,,,,,,,,,,,,
71,It's delicious even when you're looking at it,स्वोएबले साई ख्वा वो,,,,,,,,,,,,,,,,,,,,,,,
72,"I love you more than words can write, my mother","चोया तगु शब्द सिबें अप्वो मतिना याना, छन्त जिमी माँ",,,,,,,,,,,,,,,,,,,,,,,
73,What a bad person you have been,छ ला गयम्ह हाराँम्ह मनु खनि,,,,,,,,,,,,,,,,,,,,,,,
74,Did you get a tough question in the exam today?,ठौ exam ले गयौउ थाकु न्ह्य-स वोगु,,,,,,,,,,,,,,,,,,,,,,,
75,He is my old and best friend,वो जिगु पुलाम्हँ अले मिलेजुम्ह पासा ख,,,,,,,,,,,,,,,,,,,,,,,
76,Now when will you come live?,आ छी गब्ले लाईभ वोया दिई ।,,,,,,,,,,,,,,,,,,,,,,,
77,I felt ashamed.,जित मछासे चोव्न ।,,,,,,,,,,,,,,,,,,,,,,,
78,I feel ashamed.,जित मछासे च्वोँ ।,,,,,,,,,,,,,,,,,,,,,,,
79,Today it rained heavily towards our house,ठौउ जिमौउ छेँ पाखे तस्कँ वा वोल,,,,,,,,,,,,,,,,,,,,,,,
80,It is raining heavily towards our house,जिमी छेँ पाखे तस्कँ व वोया चोङ्गु दु ।,,,,,,,,,,,,,,,,,,,,,,,
81,"don't talk nonsense to me like that, I don't like people who talk nonsense like that",छ जि लिसे थयौउ म्वा मरु खँ ल्हाए मते …. जित थयौउ म्वा मरु खँ ल्हाईम्ह मनु मय,,,,,,,,,,,,,,,,,,,,,,,
82,Did everyone eat?,दक्को सिउ ज्योना/बेली जुल ला ?,,,,,,,,,,,,,,,,,,,,,,,
83,Did it rain at your house last night?,म्हिग चाने छिकिपिनिगु छें पा-खे न वा वो-ला,,,,,,,,,,,,,,,,,,,,,,,
84,where are you,गन ख,,,,,,,,,,,,,,,,,,,,,,,
85,I am at my house,जि छें पा-खेए दु,,,,,,,,,,,,,,,,,,,,,,,
86,I stopped chatting with my favorite friends,जिं जिमी यपिं पासापिं नाप खँ ल्हाएउ त्वोता बिया ।,,,,,,,,,,,,,,,,,,,,,,,
87,We're about to leave,जिपिं वोने त्यनौ,,,,,,,,,,,,,,,,,,,,,,,
88,We're walking,जिपिं वोना चोव्नौ,,,,,,,,,,,,,,,,,,,,,,,
89,He stole my pen,वों जिगु कलम खुउ ख ला,,,,,,,,,,,,,,,,,,,,,,,
90,I need my pen now,जित जिगु कलम आ मा-ल,,,,,,,,,,,,,,,,,,,,,,,
91,Our nepal,झिगु नेपाल,,,,,,,,,,,,,,,,,,,,,,,
92,Our father,झिगु बा,,,,,,,,,,,,,,,,,,,,,,,
93,Your father,छिमौउ बा,,,,,,,,,,,,,,,,,,,,,,,
94,His father,उईउ बा,,,,,,,,,,,,,,,,,,,,,,,
95,their father,उमाउ बा,,,,,,,,,,,,,,,,,,,,,,,
96,Sit down,फेतु फेतु,,,,,,,,,,,,,,,,,,,,,,,
97,Wash your hands,ल्हा सिउ,,,,,,,,,,,,,,,,,,,,,,,
98,Wear your mask,मास्क ति,,,,,,,,,,,,,,,,,,,,,,,
99,I can't do that,जिँई अयौउ ज्या याएमखु ।,,,,,,,,,,,,,,,,,,,,,,,
100,I'm getting dressed,जि लँ फिना चोव्ना ।,,,,,,,,,,,,,,,,,,,,,,,
101,all of you,छिक्पिनसं,,,,,,,,,,,,,,,,,,,,,,,
102,My chest hurts since this morning,थऔ सुथनिसे नुगा श्याना चोङ्गु दु,,,,,,,,,,,,,,,,,,,,,,,
103,My chest hurts since yesterday,म्हिग निसे जिगु नुग स्याना चोङ्गु दु,,,,,,,,,,,,,,,,,,,,,,,
104,I eat rice,जि जा ने,,,,,,,,,,,,,,,,,,,,,,,
105,I am eating rice,जि जा नयाचोव्ना,,,,,,,,,,,,,,,,,,,,,,,
106,I was eating rice,जि जा नयाचोव्नागु,,,,,,,,,,,,,,,,,,,,,,,
107,I will eat rice,जि जा लिपा ने,,,,,,,,,,,,,,,,,,,,,,,
108,We were eating rice,जिपीं जा नया चोव्नागु,,,,,,,,,,,,,,,,,,,,,,,
109,We will eat rice,जिपीं जा ने,,,,,,,,,,,,,,,,,,,,,,,
110,Best Wishes,भिंन्तुना,,,,,,,,,,,,,,,,,,,,,,,
111,Yes,ख,,,,,,,,,,,,,,,,,,,,,,,
112,No,मखु,,,,,,,,,,,,,,,,,,,,,,,
113,Grandfather,बाज्या,,,,,,,,,,,,,,,,,,,,,,,
114,Grandmother,अजि,,,,,,,,,,,,,,,,,,,,,,,
115,Father,बा,,,,,,,,,,,,,,,,,,,,,,,
116,Mother,माँ,,,,,,,,,,,,,,,,,,,,,,,
117,Elder Brother,दाईचा,,,,,,,,,,,,,,,,,,,,,,,
118,Elder Sister,त-ता,,,,,,,,,,,,,,,,,,,,,,,
119,Younger Brother,किजा,,,,,,,,,,,,,,,,,,,,,,,
120,Younger Sister,कें,,,,,,,,,,,,,,,,,,,,,,,
121,Maternal Uncle,पाजु,,,,,,,,,,,,,,,,,,,,,,,
122,Maternal Aunt,मले,,,,,,,,,,,,,,,,,,,,,,,
123,Time,ई,,,,,,,,,,,,,,,,,,,,,,,
124,Tommorow,कने,,,,,,,,,,,,,,,,,,,,,,,
125,Yesterday,म्हिग,,,,,,,,,,,,,,,,,,,,,,,
126,Midnight,चाने,,,,,,,,,,,,,,,,,,,,,,,
127,Evening,ब-हनि,,,,,,,,,,,,,,,,,,,,,,,
128,Day after tommorow,कं-स,,,,,,,,,,,,,,,,,,,,,,,
129,Day before yesterday,म्हीईग,,,,,,,,,,,,,,,,,,,,,,,
130,Early,न्हापां,,,,,,,,,,,,,,,,,,,,,,,
131,Now,आ,,,,,,,,,,,,,,,,,,,,,,,
132,Immediately,थ-थें,,,,,,,,,,,,,,,,,,,,,,,
133,Last Year,थौने,,,,,,,,,,,,,,,,,,,,,,,
134,Later,लिपा,,,,,,,,,,,,,,,,,,,,,,,
135,Next Year,आइक्वं,,,,,,,,,,,,,,,,,,,,,,,
136,This Year,थुगुसि,,,,,,,,,,,,,,,,,,,,,,,
137,Sometimes,गब्लें गब्लें,,,,,,,,,,,,,,,,,,,,,,,
138,This,थ्व,,,,,,,,,,,,,,,,,,,,,,,
139,That,वा,,,,,,,,,,,,,,,,,,,,,,,
140,What,छू,,,,,,,,,,,,,,,,,,,,,,,
141,When,गब्लें,,,,,,,,,,,,,,,,,,,,,,,
142,Which,गू,,,,,,,,,,,,,,,,,,,,,,,
143,Who,सु,,,,,,,,,,,,,,,,,,,,,,,
144,Why,छाये,,,,,,,,,,,,,,,,,,,,,,,
145,Whose,सुया,,,,,,,,,,,,,,,,,,,,,,,
146,How,गथे,,,,,,,,,,,,,,,,,,,,,,,
147,How much,गुलि,,,,,,,,,,,,,,,,,,,,,,,
148,Left,देपा/देपाए,,,,,,,,,,,,,,,,,,,,,,,
149,Right,जवे,,,,,,,,,,,,,,,,,,,,,,,
150,Straight Ahead,तप्यंक,,,,,,,,,,,,,,,,,,,,,,,
151,"Among all the thorns of life, love is just like a beautiful flower.",जीवनया दक्व्वो क ले मतिना छगु बाला गु स्वा थे ख ।,,,,,,,,,,,,,,,,,,,,,,,
152,"In bad moments, just remember that I LOVE YOU.",बामलागु ईले ठुलि लुमन्की कि जि छन्त मतिना या ना ।,,,,,,,,,,,,,,,,,,,,,,,
153,My heart is like an empty bottle without you. Which may look good but of no use.,छ बिना जिगु नुग खाली सिसी थे ख । बाला खने डे फु तर ज्याले मजु ।,,,,,,,,,,,,,,,,,,,,,,,
154,Love does not need special time. It just happened.,मतिना यात ई ब्य म्वा । थ्वो अथे जुई ।,,,,,,,,,,,,,,,,,,,,,,,
155,You are my only dream.,छ जिगु छगुहेजक म्हगस ख ।,,,,,,,,,,,,,,,,,,,,,,,
156,I am sending my love sms to my wife just to see her smile.,"जि जिगु मतिना एसएमएस जिमी कला यात छोया चोना, वो न्हियुगु स्वोयता ।",,,,,,,,,,,,,,,,,,,,,,,
157,Love is the medicine for any kind of pain.,मतिना न्ह्यागु न श्यागु यात वास ख ।,,,,,,,,,,,,,,,,,,,,,,,
158,Hello,ज्वजलपा,,,,,,,,,,,,,,,,,,,,,,,
159,"Love is like fire, the fire that warms the heart.","मतिना मि थे ख, मि गुके नुग यात लुमुसे चोङकी ।",,,,,,,,,,,,,,,,,,,,,,,
160,I will never stop loving you.,जि छन्त मतिना याये गु गब्ले दिके मखु ।,,,,,,,,,,,,,,,,,,,,,,,
161,I just love hugging you.,जित छन्त घ्ये पुया ते य ।,,,,,,,,,,,,,,,,,,,,,,,
162,Hello baby doll.,हेल्लो हीशी दु म कतामरी ।,,,,,,,,,,,,,,,,,,,,,,,
163,My king.,जिगु जुजु ।,,,,,,,,,,,,,,,,,,,,,,,
164,What are you doing ?,छ छु याना चोनागु ?,,,,,,,,,,,,,,,,,,,,,,,
165,I won’t say.,जि धाय मखु ।,,,,,,,,,,,,,,,,,,,,,,,
166,Please tell me.,धा ले ।,,,,,,,,,,,,,,,,,,,,,,,
167,Kiss,चुप्पा,,,,,,,,,,,,,,,,,,,,,,,
168,Monkey,माक,,,,,,,,,,,,,,,,,,,,,,,
169,Are you a monkey?,छ माक ख ला?,,,,,,,,,,,,,,,,,,,,,,,
170,You look like a monkey,छ माक थेँ चोँव ।,,,,,,,,,,,,,,,,,,,,,,,
171,Monkey's Baby,माकया मचा,,,,,,,,,,,,,,,,,,,,,,,
172,Baby monkey.,माक मचा,,,,,,,,,,,,,,,,,,,,,,,
173,Oh monkey.,ऐ माक,,,,,,,,,,,,,,,,,,,,,,,
174,Oh monkey come here.,ऐ माक थन वा ।,,,,,,,,,,,,,,,,,,,,,,,
175,Shut up monkey.,हाले मते सुन्कँ चोँ माक ।,,,,,,,,,,,,,,,,,,,,,,,
176,I need to see the Doctor.,जि डाक्टर क्य वने माल ।,,,,,,,,,,,,,,,,,,,,,,,
177,When is the Doctor free?,डाक्टर या गब्ले लि लाई?,,,,,,,,,,,,,,,,,,,,,,,
178,I need to meet with the Doctor for my wife’s checkup.,जित जिमी कला क्यने त डाक्टर नापलाये मागु दु ।,,,,,,,,,,,,,,,,,,,,,,,
179,"I’m sorry, the Doctor is not taking new patients.","जित माफ याना दिश, डाक्टर न्हुपी मफुपी स्वई मखु त ।",,,,,,,,,,,,,,,,,,,,,,,
180,"Hello, how are you?","ज्वजलपा, छित गे च्वो ?",,,,,,,,,,,,,,,,,,,,,,,
181,Happy Tihar,सुन्ति नखया भिंन्तुना,,,,,,,,,,,,,,,,,,,,,,,
182,My husband,जिमि भा त,,,,,,,,,,,,,,,,,,,,,,,
183,Your husband.,छिमी भा त,,,,,,,,,,,,,,,,,,,,,,,
184,My dear husband,जिमि यम्ह भा त,,,,,,,,,,,,,,,,,,,,,,,
185,Where is your husband ?,छिमी भा त ग्वो?,,,,,,,,,,,,,,,,,,,,,,,
186,I like your husband.,छिमी भा त जित य।,,,,,,,,,,,,,,,,,,,,,,,
187,Your husband is handsome,छिमी भा त बाँला।,,,,,,,,,,,,,,,,,,,,,,,
188,Uphill,पा,,,,,,,,,,,,,,,,,,,,,,,
189,Sugarcane,तु,,,,,,,,,,,,,,,,,,,,,,,
190,surprise,अजू,,,,,,,,,,,,,,,,,,,,,,,
191,before,न्ह्य,,,,,,,,,,,,,,,,,,,,,,,
192,the dark,खिउँ,,,,,,,,,,,,,,,,,,,,,,,
193,now,थुथाय्,,,,,,,,,,,,,,,,,,,,,,,
194,unnecessary,म्वाँ,,,,,,,,,,,,,,,,,,,,,,,
195,Middle Aged,बाज्यःवं,,,,,,,,,,,,,,,,,,,,,,,
196,invisible,खनेमदु,,,,,,,,,,,,,,,,,,,,,,,
197,guest house,पाहांछेँ,,,,,,,,,,,,,,,,,,,,,,,
198,Guest,पाहां,,,,,,,,,,,,,,,,,,,,,,,
199,From now on,आब्वोनिसे,,,,,,,,,,,,,,,,,,,,,,,
200,now,आ,,,,,,,,,,,,,,,,,,,,,,,
201,insufficient,मगा,,,,,,,,,,,,,,,,,,,,,,,
202,Conscience,दुनुग,,,,,,,,,,,,,,,,,,,,,,,
203,Face,ख्वा,,,,,,,,,,,,,,,,,,,,,,,
204,Request,इनाप,,,,,,,,,,,,,,,,,,,,,,,
205,a little,भचा,,,,,,,,,,,,,,,,,,,,,,,
206,desire,मन्तुना,,,,,,,,,,,,,,,,,,,,,,,
207,"Map of Ouachita Parish, Louisiana With Municipal Labels","वाशिता प्यारिश, लुइजियानाया मानकिपाय् नगरक्षेत्र क्यनातःगु",,,,,,,,,,,,,,,,,,,,,,,
208,Census-designated places,तथ्याङ्क-घोषित थाय्,,,,,,,,,,,,,,,,,,,,,,,
209,"A well-known example of this is The Nutcracker, a two-act ballet originally choreographed by Marius Petipa and Lev Ivanov with a music score by Pyotr Ilyich Tchaikovsky. Ballets are choreographed and performed by trained ballet dancers. Traditional classical ballets are usually performed with classical music accompaniment and use elaborate costumes and staging, whereas modern ballets, such as the neoclassical works of American choreographer George Balanchine, often are performed in simple costumes (e.g., leotards and tights) and without the use of elaborate sets or scenery.","ब्यालेया कृति कोरियोग्राफी व संगीतया संगमं सिर्जित जुइ। दसुया रुपय् द नत्क्र्याकर , २-अंक दूगु ब्यालेयात कायेछिं, गुकिया मूलरुप कोरियोग्राफर मेरियस पेतिपा व लेभ इभानोभ खः धाःसा संगीतरचनामि Pyotrप्योतर इलियिच त्साइकोभ्स्कि ख। ब्यालेया नृत्यसंयोजन व प्रदर्शन प्रशिक्षित ब्याले हुलाप्याखँमितेसं याइ। परम्परागत शास्त्रीय ब्याले युरोपियन शास्त्रीय संगीत नाप झःझःखाःगु वसः-तिसा व दबुलिइ पिथनि धाःसा आधुनिक ब्याले, दसु: नवशास्रीय अमेरिकन कोरियोग्राफर जर्ज Balanchineजुया रचना आपालं सरल वसः-तिसा (दसु: लियोतार्द व ताइत्स) व वृहद दृष्य-पृष्ठभूमि मदयेकः पिथनिगु या।",,,,,,,,,,,,,,,,,,,,,,,
210,Another version of crayfish étouffée,क्रे न्या इतूफेया छगू रुप,,,,,,,,,,,,,,,,,,,,,,,
211,See also,स्वयादिसँ,,,,,,,,,,,,,,,,,,,,,,,
212,"Classical bell tutus in The Dance Class by Degas, 1874",एद्गार देगासजु या सन् १८७४स किपा द दान्स क्लासय् क्लासिक बेल तुतु,,,,,,,,,,,,,,,,,,,,,,,
213,"Examples of this are Russian ballet, French ballet, and Italian ballet. Later variations, such as contemporary ballet and neoclassical ballet, incorporate both classical ballet and non-traditional technique and movement. Perhaps the most widely known and performed ballet style is late Romantic ballet (or Ballet blanc), a classical style that focuses on female dancers (ballerinas) and features pointe work, flowing and precise movements, and often presents the female dancers in traditional, long white tutus.","ब्यालेय् इतालियन पूनर्जागरण काल निसें हे शैलीगत विविधताया उत्पत्ति व विकास जूगु खनेदु। प्रारम्भिक, शास्त्रीय भिन्नताया उत्पत्ति प्राथमिक रुपय् भौगोलिक कथं उत्पत्ति जुल। दसु: रसियन ब्याले, फ्रेञ्च ब्याले, व इतालियन ब्याले । लिपाया भिन्नता दसु समकालीन ब्याले व नवशास्त्रीय ब्याले धाःसा शास्त्रीय व नव-परम्परागत पद्धति व प्रवृत्तिया लिच्वःया रुपय् दयावल। सम्भवतः, दकलय् प्रचलित व प्रदर्शित ब्याले शैली उत्तरार्धिक रोमान्तिक ब्याले (वा ब्याले ब्लांक) ख। थ्व छकथंया शास्त्रीय शैली ख गुकिलि मिसा प्याखँहुलामि (ब्यालेरिना) व पोइन्ते ज्या दयाच्वनि। थुकिलि तरल व सुनिश्चित चाल दयाच्वनि, व प्याखँहुलामिं परम्परागत तुयु ताःहाकःगु तुतु वसलय् दयाच्वनि।",,,,,,,,,,,,,,,,,,,,,,,
214,No meat?,ला-मा-डु-ला?,,,,,,,,,,,,,,,,,,,,,,,
215,We will have fish tomorrow,क-नहे न्या द-ये-के-गु,,,,,,,,,,,,,,,,,,,,,,,
216,May I step inside?,डु-ने वा-ने जी ला?,,,,,,,,,,,,,,,,,,,,,,,
217,Youngest child,अइला,,,,,,,,,,,,,,,,,,,,,,,
218,In a hurry,अइल्मय,,,,,,,,,,,,,,,,,,,,,,,
219,He struck so severly that the child fainted,वम अचलय दल आले मच बन वन  ,,,,,,,,,,,,,,,,,,,,,,,
220,Evil spirit,अगति,,,,,,,,,,,,,,,,,,,,,,,
221,ordinary,अगति,,,,,,,,,,,,,,,,,,,,,,,
222,Secret,अगम,,,,,,,,,,,,,,,,,,,,,,,
223,Day labourer in brick kiln,अगः,,,,,,,,,,,,,,,,,,,,,,,
224,Properly,न्हाबुक,,,,,,,,,,,,,,,,,,,,,,,
225,property,सम्पति,,,,,,,,,,,,,,,,,,,,,,,
226,proportionate,दामासाइ,,,,,,,,,,,,,,,,,,,,,,,
227,gambler,जुयाह:,,,,,,,,,,,,,,,,,,,,,,,
228,He has become old now,वा नाम अह ल जेथला,,,,,,,,,,,,,,,,,,,,,,,
229,I was astonised at hearing that child's remark,वा मचयागु ख म नेनह जी ज्यः जुल,,,,,,,,,,,,,,,,,,,,,,,
230,I will pay you according to your achievement,चंगु ज्या स्वयः जिम धेबा बि ,,,,,,,,,,,,,,,,,,,,,,,
231,What is the result of your going?,छ वनागु ज्या छु जुल?,,,,,,,,,,,,,,,,,,,,,,,
232,He will use you only as a tool and dismiss you,चन्ता ज्याय छेले आले वम च्वाया बि,,,,,,,,,,,,,,,,,,,,,,,
233,I helped with his son's marriage,जिम वाय केय भ्वजय ज्याय च्वना बिया,,,,,,,,,,,,,,,,,,,,,,,
234,He has got to work as an employee,वाय  ज्याय च्वाने मह ,,,,,,,,,,,,,,,,,,,,,,,
235,He was useful,वा ज्याय वाला,,,,,,,,,,,,,,,,,,,,,,,
236,That dog is as dear as life to me,जितः वा खिच ज्यान थेम यह,,,,,,,,,,,,,,,,,,,,,,,
237,He did not listen the slighest bit,ज्यान वाने वम खाम मन्यः,,,,,,,,,,,,,,,,,,,,,,,
238,One hour was lost,छ घु ज्यपः बित,,,,,,,,,,,,,,,,,,,,,,,
239,Farmer,ज्यापु,,,,,,,,,,,,,,,,,,,,,,,
240,Cotton seed,ज्यापु,,,,,,,,,,,,,,,,,,,,,,,
241,Cotton seed oil,ज्यपुचिकं,,,,,,,,,,,,,,,,,,,,,,,
242,Female Farmer,ज्यापु-नी,,,,,,,,,,,,,,,,,,,,,,,
243,Men's words and actions should be in accordance,मनुतय धपू वा ज्यापु चु लाए मह,,,,,,,,,,,,,,,,,,,,,,,
244,To cultivate,ज्याये,,,,,,,,,,,,,,,,,,,,,,,
245,Today he earned more than tweleve rupees,थुम वाय ज्याला झिम्निर्कम मायाका केन,,,,,,,,,,,,,,,,,,,,,,,
246,"Do as you can, as you like",ज्युठेम या,,,,,,,,,,,,,,,,,,,,,,,
247,to misunderstand,ज्वं छुये,,,,,,,,,,,,,,,,,,,,,,,
248,way of holding,ज्वंपू,,,,,,,,,,,,,,,,,,,,,,,
249,things held in the hand,ज्वंसा,,,,,,,,,,,,,,,,,,,,,,,
250,to be mad with fury,ज्वखाये,,,,,,,,,,,,,,,,,,,,,,,
251,calendar,नागुमन,,,,,,,,,,,,,,,,,,,,,,,
252,small iron globe,नागुली,,,,,,,,,,,,,,,,,,,,,,,
253,glutton,नागुलु,,,,,,,,,,,,,,,,,,,,,,,
254,iron ring,नाचह,,,,,,,,,,,,,,,,,,,,,,,
255,iron handle ,नचु,,,,,,,,,,,,,,,,,,,,,,,
256,star constellation,नछेत्र ,,,,,,,,,,,,,,,,,,,,,,,
257,eating,नज्या ,,,,,,,,,,,,,,,,,,,,,,,
258,to feast ,याये,,,,,,,,,,,,,,,,,,,,,,,
259,"different dishes, courses at a feast",नज्वलमं ,,,,,,,,,,,,,,,,,,,,,,,
260,small talk,नतसुत,,,,,,,,,,,,,,,,,,,,,,,
261,greeting,नतसुत,,,,,,,,,,,,,,,,,,,,,,,
262,to be on good terms,दये,,,,,,,,,,,,,,,,,,,,,,,
263,"to speak out, to speak frankly",नता:कये ,,,,,,,,,,,,,,,,,,,,,,,
264,to take care,नता:कये ,,,,,,,,,,,,,,,,,,,,,,,
265,poker,नति,,,,,,,,,,,,,,,,,,,,,,,
266,iron rod with a loop,नति,,,,,,,,,,,,,,,,,,,,,,,
267,nitikuti,नतिकुती,,,,,,,,,,,,,,,,,,,,,,,
268,iron fetters,नतिसा,,,,,,,,,,,,,,,,,,,,,,,
269,dancer,नतुवा,,,,,,,,,,,,,,,,,,,,,,,
270,knitting needle,नतु,,,,,,,,,,,,,,,,,,,,,,,
271,spindle,नतु,,,,,,,,,,,,,,,,,,,,,,,
272,awl,नतु,,,,,,,,,,,,,,,,,,,,,,,
273,otherwise,नत्र,,,,,,,,,,,,,,,,,,,,,,,
274,"hard stone, also used as an anvil",नत्यफि,,,,,,,,,,,,,,,,,,,,,,,
275,"alphabet, learning",नन,,,,,,,,,,,,,,,,,,,,,,,
276,clothes,नन,,,,,,,,,,,,,,,,,,,,,,,
277,"soon, promptly",ननानं,,,,,,,,,,,,,,,,,,,,,,,
278,horn of an evil,नना,,,,,,,,,,,,,,,,,,,,,,,
279,courtyard,ननि,,,,,,,,,,,,,,,,,,,,,,,
280,to taste,नने,,,,,,,,,,,,,,,,,,,,,,,
281,to have experience,अइंथ्या,,,,,,,,,,,,,,,,,,,,,,,
282,historical,अइतिहासिक​,,,,,,,,,,,,,,,,,,,,,,,
283,indra's elephant,अईराबित​,,,,,,,,,,,,,,,,,,,,,,,
284,contrary,अइलं,,,,,,,,,,,,,,,,,,,,,,,
285,"last, youngest child",अइल​,,,,,,,,,,,,,,,,,,,,,,,
286,youngest child,अइलाकाय्,,,,,,,,,,,,,,,,,,,,,,,
287,youngest child,मचा,,,,,,,,,,,,,,,,,,,,,,,
288,"youngest child, youngest daughter",म्ह्याय्,,,,,,,,,,,,,,,,,,,,,,,
289,"in a moment, in a hurry",अइल्मय्,,,,,,,,,,,,,,,,,,,,,,,
290,"in a moment, in a hurry",अइल्मय्,,,,,,,,,,,,,,,,,,,,,,,
291,"luxury, pleasure",अइस,,,,,,,,,,,,,,,,,,,,,,,
292,king of child's disease causing weakness,अइसा,,,,,,,,,,,,,,,,,,,,,,,
293,"prosperity, fourtune, dominon, power",अइस्वर्य,,,,,,,,,,,,,,,,,,,,,,,
294,inauspicious time,अई,,,,,,,,,,,,,,,,,,,,,,,
295,"fifteen day of the dark half of the lunar month, new moon day",औंसि,,,,,,,,,,,,,,,,,,,,,,,
296,"circumstance, position, social status",अउकात,,,,,,,,,,,,,,,,,,,,,,,
297,malaria,अउल,,,,,,,,,,,,,,,,,,,,,,,
298,to catch malaria,अउलं काये,,,,,,,,,,,,,,,,,,,,,,,
299,to die from malaria,अउलं सिये,,,,,,,,,,,,,,,,,,,,,,,
300,malaria,ज्वर​,,,,,,,,,,,,,,,,,,,,,,,
301,"opportunity, occasion, chance",अउसर,,,,,,,,,,,,,,,,,,,,,,,
302,expressing assent or approval,अँ,,,,,,,,,,,,,,,,,,,,,,,
303,"bowels, entrials, intestines",अँत​,,,,,,,,,,,,,,,,,,,,,,,
304,mango,अं,,,,,,,,,,,,,,,,,,,,,,,
305,"nicely, carefully",अं,,,,,,,,,,,,,,,,,,,,,,,
306,long stick with loop on the end used to thread a loon,अंकथि,,,,,,,,,,,,,,,,,,,,,,,
307,"hook, iron rod for lifting things, hook for controlling elephants",अंकुसि,,,,,,,,,,,,,,,,,,,,,,,
308,"wall, brick",अंग​,,,,,,,,,,,,,,,,,,,,,,,
309,cross tie of an inner and outer frame,ता,,,,,,,,,,,,,,,,,,,,,,,
310,infant who is learning to stand,अंगधाचा,,,,,,,,,,,,,,,,,,,,,,,
311,to encourage an infant to stand up,याये,,,,,,,,,,,,,,,,,,,,,,,
312,to encourage an infant to stand up,स्वये,,,,,,,,,,,,,,,,,,,,,,,
313,"joint bet, ween bricks",अंगहभु,,,,,,,,,,,,,,,,,,,,,,,
314,wall edge,सिलि,,,,,,,,,,,,,,,,,,,,,,,
315,"to climb a wall, to try to burgle",सिलि गये,,,,,,,,,,,,,,,,,,,,,,,
316,grape,अंगुर​,,,,,,,,,,,,,,,,,,,,,,,
317,"ring, finger",अंगु,,,,,,,,,,,,,,,,,,,,,,,
318,long stick with loop on the end used to thread a loon,कथि,,,,,,,,,,,,,,,,,,,,,,,
319,space between fingers,कापि,,,,,,,,,,,,,,,,,,,,,,,
320,distance between the tip of the ring finger and the tip of the thumb fully spread,कुला,,,,,,,,,,,,,,,,,,,,,,,
321,one digit,छि,,,,,,,,,,,,,,,,,,,,,,,
322,to slip a ring on one's finger,न्ह्याये,,,,,,,,,,,,,,,,,,,,,,,
323,ring finger,पचिं,,,,,,,,,,,,,,,,,,,,,,,
324,"finger, ring finger",ला,,,,,,,,,,,,,,,,,,,,,,,
325,englishman,अंग्रेज​,,,,,,,,,,,,,,,,,,,,,,,
326,english language,भाय्,,,,,,,,,,,,,,,,,,,,,,,
327,fig tree,अंजिर​,,,,,,,,,,,,,,,,,,,,,,,
328,king of wild vegetable in paddy field,अंतलिचा,,,,,,,,,,,,,,,,,,,,,,,
329,to be lazy,अंतुये,,,,,,,,,,,,,,,,,,,,,,,
330,lazy,अंतू,,,,,,,,,,,,,,,,,,,,,,,
331,estimate,अंदाज​,,,,,,,,,,,,,,,,,,,,,,,
332,laziness,अंदाज​ पह​,,,,,,,,,,,,,,,,,,,,,,,
333,laziness,सु,,,,,,,,,,,,,,,,,,,,,,,
334,cake of dried mango juice,अंपि,,,,,,,,,,,,,,,,,,,,,,,
335,horrible,जुये,,,,,,,,,,,,,,,,,,,,,,,
336,mango tree,आंमा,,,,,,,,,,,,,,,,,,,,,,,
337,cake of dried mango juice,मारा,,,,,,,,,,,,,,,,,,,,,,,
338,independence,अंला,,,,,,,,,,,,,,,,,,,,,,,
339,wall plate,अंलाय्,,,,,,,,,,,,,,,,,,,,,,,
340,to balance,अंलाये,,,,,,,,,,,,,,,,,,,,,,,
341,share,अंस​,,,,,,,,,,,,,,,,,,,,,,,
342,to divide an inheritance,थये,,,,,,,,,,,,,,,,,,,,,,,
343,to be similar,वये,,,,,,,,,,,,,,,,,,,,,,,
344,to decorate with an,वय्के,,,,,,,,,,,,,,,,,,,,,,,
345,share an inheritance,अंसाबन्दा,,,,,,,,,,,,,,,,,,,,,,,
346,share an inheritance,भाग​,,,,,,,,,,,,,,,,,,,,,,,
347,"to be perplexe, to be confused",अकमकय्,,,,,,,,,,,,,,,,,,,,,,,
348,kind of medicinal herb used to clear the throat,अकर्कला,,,,,,,,,,,,,,,,,,,,,,,
349,official record,अकर्न​,,,,,,,,,,,,,,,,,,,,,,,
350,wisdom,अकल​,,,,,,,,,,,,,,,,,,,,,,,
351,intelligent,दुम्ह​,,,,,,,,,,,,,,,,,,,,,,,
352,unexpectedly,अकस्मित​,,,,,,,,,,,,,,,,,,,,,,,
353,strangers,अकाय्,,,,,,,,,,,,,,,,,,,,,,,
354,"there, over there",अकाय्मा,,,,,,,,,,,,,,,,,,,,,,,
355,famine,अकाल​,,,,,,,,,,,,,,,,,,,,,,,
356,implying pity,अका,,,,,,,,,,,,,,,,,,,,,,,
357,cornice brick,अकुलां,,,,,,,,,,,,,,,,,,,,,,,
358,dilemma,अक्कर​,,,,,,,,,,,,,,,,,,,,,,,
359,generally,"अक्सर​, याना",,,,,,,,,,,,,,,,,,,,,,,
360,opposite direction,अखतं,,,,,,,,,,,,,,,,,,,,,,,
361,Best wishes for this wonderful work,थ्व भिंगु ज्याया नितिं यक्व यक्व भिंतुना देछाना ।,,,,,,,,,,,,,,,,,,,,,,,
362,to turn inside out,लाके,,,,,,,,,,,,,,,,,,,,,,,
363,to be turned round,लाये,,,,,,,,,,,,,,,,,,,,,,,
364,to be reversed,अखये,,,,,,,,,,,,,,,,,,,,,,,
365,stadium,अखारा,,,,,,,,,,,,,,,,,,,,,,,
366,reverse,अख,,,,,,,,,,,,,,,,,,,,,,,
367,wrong purpose,ज्या,,,,,,,,,,,,,,,,,,,,,,,
368,to reverse,त्याये,,,,,,,,,,,,,,,,,,,,,,,
369,vice versa,न्ह्यहख​,,,,,,,,,,,,,,,,,,,,,,,
370,opposing,बतं,,,,,,,,,,,,,,,,,,,,,,,
371,paste for kite strings,माजा,,,,,,,,,,,,,,,,,,,,,,,
372,kite string pasted against the grain,तःगूसुका,,,,,,,,,,,,,,,,,,,,,,,
373,in opposite directions,मय्का,,,,,,,,,,,,,,,,,,,,,,,
374,garland,मा,,,,,,,,,,,,,,,,,,,,,,,
375,to turn inside out,लाके,,,,,,,,,,,,,,,,,,,,,,,
376,to be turned inside out,लाये,,,,,,,,,,,,,,,,,,,,,,,
377,penis,अखुं,,,,,,,,,,,,,,,,,,,,,,,
378,on the day,अखुनु,,,,,,,,,,,,,,,,,,,,,,,
379,authorization,अख्तियार​,,,,,,,,,,,,,,,,,,,,,,,
380,red pepper,अखबर्मल्ता,,,,,,,,,,,,,,,,,,,,,,,
381,newspaper,अखबार​,,,,,,,,,,,,,,,,,,,,,,,
382,insignificant,अगं तगं,,,,,,,,,,,,,,,,,,,,,,,
383,ordinary,अगतय्,,,,,,,,,,,,,,,,,,,,,,,
384,i will drop in at your house,जि चमथया अगतय जक भ्य्,,,,,,,,,,,,,,,,,,,,,,,
385,evil spirit,अगति,,,,,,,,,,,,,,,,,,,,,,,
386,cry out,हाले,,,,,,,,,,,,,,,,,,,,,,,
387,namuye,नन मुये ,,,,,,,,,,,,,,,,,,,,,,,
388,piece of pumpkin,नपि,,,,,,,,,,,,,,,,,,,,,,,
389,cooking,नपाख,,,,,,,,,,,,,,,,,,,,,,,
390,diet,नबसम,,,,,,,,,,,,,,,,,,,,,,,
391,manner of eating,नपु,,,,,,,,,,,,,,,,,,,,,,,
392,kind of tibetan multicolored wollen cloth,नबु,,,,,,,,,,,,,,,,,,,,,,,
393,iron cooking pan,नभाज,,,,,,,,,,,,,,,,,,,,,,,
394,table manners,नभाय,,,,,,,,,,,,,,,,,,,,,,,
395,flattery,नभाय,,,,,,,,,,,,,,,,,,,,,,,
396,to worship,नमलपे ,,,,,,,,,,,,,,,,,,,,,,,
397,namaskar,नमस्कार,,,,,,,,,,,,,,,,,,,,,,,
398,namaste,नमस्ते,,,,,,,,,,,,,,,,,,,,,,,
399,"kind of song, sung at the end of a feast to ward off evil spirits",नमामी,,,,,,,,,,,,,,,,,,,,,,,
400,hard pulse,नमाय,,,,,,,,,,,,,,,,,,,,,,,
401,rude person,नमाय,,,,,,,,,,,,,,,,,,,,,,,
402,to crack up,नमुये,,,,,,,,,,,,,,,,,,,,,,,
403,scarce,नम्चम,,,,,,,,,,,,,,,,,,,,,,,
404,number,नम्बर,,,,,,,,,,,,,,,,,,,,,,,
405,pure,नम्बरि,,,,,,,,,,,,,,,,,,,,,,,
406,infamous,नम्बरि,,,,,,,,,,,,,,,,,,,,,,,
407,notorious thief,खुं,,,,,,,,,,,,,,,,,,,,,,,
408,polite,नम्र,,,,,,,,,,,,,,,,,,,,,,,
409,humble,नम्र,,,,,,,,,,,,,,,,,,,,,,,
410,to eat,नयनी याये,,,,,,,,,,,,,,,,,,,,,,,
411,to eat,नये,,,,,,,,,,,,,,,,,,,,,,,
412,to accept a bribe,घुस नये,,,,,,,,,,,,,,,,,,,,,,,
413,to feel nausea,नयेम चाये,,,,,,,,,,,,,,,,,,,,,,,
414,to be sick,नयेम चाये,,,,,,,,,,,,,,,,,,,,,,,
415,man,नर,,,,,,,,,,,,,,,,,,,,,,,
416,goblin,नर पिसाच,,,,,,,,,,,,,,,,,,,,,,,
417,devil,नर पिसाच,,,,,,,,,,,,,,,,,,,,,,,
418,mythological figure,नर सिंग,,,,,,,,,,,,,,,,,,,,,,,
419,flash of lightning,नर सिंग,,,,,,,,,,,,,,,,,,,,,,,
420,threatening,नर्थक,,,,,,,,,,,,,,,,,,,,,,,
421,ungrateful person,नलभु,,,,,,,,,,,,,,,,,,,,,,,
422,germinated barley and wheat,नला,,,,,,,,,,,,,,,,,,,,,,,
423,green fodder for animals,नला,,,,,,,,,,,,,,,,,,,,,,,
424,to shine brightly,नलां थिये,,,,,,,,,,,,,,,,,,,,,,,
425,pipe,नली,,,,,,,,,,,,,,,,,,,,,,,
426,shin,नली,,,,,,,,,,,,,,,,,,,,,,,
427,blood vessel,नली,,,,,,,,,,,,,,,,,,,,,,,
428,long strip of meat or cloth,नली,,,,,,,,,,,,,,,,,,,,,,,
429,flesh,नलू,,,,,,,,,,,,,,,,,,,,,,,
430,kind of glass bead,नल्चा,,,,,,,,,,,,,,,,,,,,,,,
431,to burn down swiftly,नल्ल वने,,,,,,,,,,,,,,,,,,,,,,,
432,"kind of insect eating cloth, moth",नव,,,,,,,,,,,,,,,,,,,,,,,
433,nine,नव,,,,,,,,,,,,,,,,,,,,,,,
434,the nine planets,नव ग्रह,,,,,,,,,,,,,,,,,,,,,,,
435,set of nine musical instrument,नव जलं,,,,,,,,,,,,,,,,,,,,,,,
436,festival of the nine alms,नव दान,,,,,,,,,,,,,,,,,,,,,,,
437,festival of the nine durgas,नव दुर्गा,,,,,,,,,,,,,,,,,,,,,,,
438,mongoose,नव,,,,,,,,,,,,,,,,,,,,,,,
439,stinking,नव,,,,,,,,,,,,,,,,,,,,,,,
440,mint,नव घाय,,,,,,,,,,,,,,,,,,,,,,,
441,shrew,नव छुँ,,,,,,,,,,,,,,,,,,,,,,,
442,a kind of goat,नव दुगु,,,,,,,,,,,,,,,,,,,,,,,
443,kind of flower,नव स्वां,,,,,,,,,,,,,,,,,,,,,,,
444,evil spirit,अगति,,,,,,,,,,,,,,,,,,,,,,,
445,leisurely,अगतिं,,,,,,,,,,,,,,,,,,,,,,,
446,plainly dressed,न्ह्याये,,,,,,,,,,,,,,,,,,,,,,,
447,upper garments,फिये,,,,,,,,,,,,,,,,,,,,,,,
448,unknown,अगम​,,,,,,,,,,,,,,,,,,,,,,,
449,shorea robusta,अगराख,,,,,,,,,,,,,,,,,,,,,,,
450,agatim,अगसिं,,,,,,,,,,,,,,,,,,,,,,,
451,greedy person,अगस्ति,,,,,,,,,,,,,,,,,,,,,,,
452,greediness,अगस्ति पह​,,,,,,,,,,,,,,,,,,,,,,,
453,brick-kiln,अगः,,,,,,,,,,,,,,,,,,,,,,,
454,day labourer,कःमि,,,,,,,,,,,,,,,,,,,,,,,
455,small house without windows,छें,,,,,,,,,,,,,,,,,,,,,,,
456,owner of brick-kilns,नायः,,,,,,,,,,,,,,,,,,,,,,,
457,fire pit,अगिं,,,,,,,,,,,,,,,,,,,,,,,
458,to revolt,थने,,,,,,,,,,,,,,,,,,,,,,,
459,scared fire which is always kept lit,मथः,,,,,,,,,,,,,,,,,,,,,,,
460,fragnant aloe wood,अगुरु,,,,,,,,,,,,,,,,,,,,,,,
461,stove ,अगूचा,,,,,,,,,,,,,,,,,,,,,,,
462,upturned palm,अगेला,,,,,,,,,,,,,,,,,,,,,,,
463,to offer with the wrong hand,अगेलांतये,,,,,,,,,,,,,,,,,,,,,,,
464,leader,अग्गा,,,,,,,,,,,,,,,,,,,,,,,
465,to be prominent,जुये,,,,,,,,,,,,,,,,,,,,,,,
466,to start a game of marbles,याये,,,,,,,,,,,,,,,,,,,,,,,
467,ignorance,अग्यानि,,,,,,,,,,,,,,,,,,,,,,,
468,to be satisfied,अघय जुये,,,,,,,,,,,,,,,,,,,,,,,
469,"ordinary, common, Pulse curry for every day, fermented curry for a special time; signifying inappropriateness)",अघू,,,,,,,,,,,,,,,,,,,,,,,
470,to do something seperately,छुतिने,,,,,,,,,,,,,,,,,,,,,,,
471,His sons did the ceremony separately.,वाय कय्पिम पुजय छुतिना,,,,,,,,,,,,,,,,,,,,,,,
472,"damaged, spoilt",छुत्ती,,,,,,,,,,,,,,,,,,,,,,,
473,"Stained with ink, the dress is spoilt",मसि  किनः  वसाह  छुत्ती जुल ,,,,,,,,,,,,,,,,,,,,,,,
474,"to attach, to place, to fit",छुये,,,,,,,,,,,,,,,,,,,,,,,
475,The carpenter fitted the door leaves into the frame,कह्मी लुखय खापा chuta,,,,,,,,,,,,,,,,,,,,,,,
476,to adorn,छुये,,,,,,,,,,,,,,,,,,,,,,,
477,Her mother adorned her hair knot with a flower,मम्य सम्प्वालय स्वाम छुट,,,,,,,,,,,,,,,,,,,,,,,
478,He began to work this morning,वम सुथाम्निसेम ज्या  छुट ,,,,,,,,,,,,,,,,,,,,,,,
479,This morning she baked bread,वम सुथय मारी छुट,,,,,,,,,,,,,,,,,,,,,,,
480,sound of dripping,छुरू-छुरू,,,,,,,,,,,,,,,,,,,,,,,
481,to be mashed,च्वने,,,,,,,,,,,,,,,,,,,,,,,
482,The rice has got mashed,ज छुरू-छुरू च्वन,,,,,,,,,,,,,,,,,,,,,,,
483,"to insert, to thread, to pass throough",छुले,,,,,,,,,,,,,,,,,,,,,,,
484,to try to pass something into a hole,"छुला स्वये,",,,,,,,,,,,,,,,,,,,,,,,
485,"ingredient, spice, condiment",छुसा,,,,,,,,,,,,,,,,,,,,,,,
486,Have you finished spicing the vegetable?,चम तरकारी छुसा छुये धुन ल?,,,,,,,,,,,,,,,,,,,,,,,
487,small piece of dried wood,छुसी,,,,,,,,,,,,,,,,,,,,,,,
488,house,छें,,,,,,,,,,,,,,,,,,,,,,,
489,domestic affairs,खं,,,,,,,,,,,,,,,,,,,,,,,
490,One person from each house came to repoair the road,लाम दय्केता चेम्खाप्वालम चम्हा चम्हा वाला,,,,,,,,,,,,,,,,,,,,,,,
491,to be half cooked,छेंछें,,,,,,,,,,,,,,,,,,,,,,,
492,one who is living with his wife's kin,छें जिचा,,,,,,,,,,,,,,,,,,,,,,,
493,comb,छेंसा ,,,,,,,,,,,,,,,,,,,,,,,
494,hooked needle,छेंसु-आचा,,,,,,,,,,,,,,,,,,,,,,,
495,large boil,छेकाकइ,,,,,,,,,,,,,,,,,,,,,,,
496,guardian stone in front of a threshold,छेत्रपाल,,,,,,,,,,,,,,,,,,,,,,,
497,"to comb, to dress hair",छेने,,,,,,,,,,,,,,,,,,,,,,,
498,"pardon, forgiveness",छेमा,,,,,,,,,,,,,,,,,,,,,,,
499,intercalary month,छेमास,,,,,,,,,,,,,,,,,,,,,,,
500,to have diarrhoea,छेरय,,,,,,,,,,,,,,,,,,,,,,,
501,diarrhoea,छेराबती,,,,,,,,,,,,,,,,,,,,,,,
502,to use,छेले,,,,,,,,,,,,,,,,,,,,,,,
503,Try that new utensil first,आमा न्हुगु थालाबाला नि छ्यः,,,,,,,,,,,,,,,,,,,,,,,
504,tuberculosis,छेल्वय,,,,,,,,,,,,,,,,,,,,,,,
505,You must try your best to do this work,थुगु ज्या छम छेनम चुयः नाम याए मह,,,,,,,,,,,,,,,,,,,,,,,
506,What is the use of assembling so many people?,च्याम्ग्वालम खानाह छु  यी?,,,,,,,,,,,,,,,,,,,,,,,
507,He hesitated,वम छ्याम चासु वाला,,,,,,,,,,,,,,,,,,,,,,,
508,"Even if you work hard, you won't pass",छ्याम ताच्यासा छ पस्ज्वी मखु,,,,,,,,,,,,,,,,,,,,,,,
509,to break one's head,तज्याये,,,,,,,,,,,,,,,,,,,,,,,
510,expression of disgust,छ्या,,,,,,,,,,,,,,,,,,,,,,,
511,quiz-contest,हाजिरीजवाफ,,,,,,,,,,,,,,,,,,,,,,,
512,thin,पितः,,,,,,,,,,,,,,,,,,,,,,,
513,worship,पुजा,,,,,,,,,,,,,,,,,,,,,,,
514,short,पुतिहाक,,,,,,,,,,,,,,,,,,,,,,,
515,sufficient,पुरा,,,,,,,,,,,,,,,,,,,,,,,
516,east,पुर्ब,,,,,,,,,,,,,,,,,,,,,,,
517,drunkard,पुसिं,,,,,,,,,,,,,,,,,,,,,,,
518,ancestor,पुर्खा,,,,,,,,,,,,,,,,,,,,,,,
519,police,पुलिस,,,,,,,,,,,,,,,,,,,,,,,
520,occupation,पेसा,,,,,,,,,,,,,,,,,,,,,,,
521,onion,प्याज,,,,,,,,,,,,,,,,,,,,,,,
522,ascetic of a particular sect,अध्वरि,,,,,,,,,,,,,,,,,,,,,,,
523,"person of dirty appearance, sinister person",अघोरि,,,,,,,,,,,,,,,,,,,,,,,
524,charmless,अध्वःपा,,,,,,,,,,,,,,,,,,,,,,,
525,to be charmless,लाये,,,,,,,,,,,,,,,,,,,,,,,
526,amazement,अचम्ब​,,,,,,,,,,,,,,,,,,,,,,,
527,what a surprise,चु अचम्ब जुला,,,,,,,,,,,,,,,,,,,,,,,
528,steady,अचल​,,,,,,,,,,,,,,,,,,,,,,,
529,"vehemently, severely, hurtingly",अचलय्,,,,,,,,,,,,,,,,,,,,,,,
530,he struck so severely that the child fainted,भम अचले दला अले मचा बना भना,,,,,,,,,,,,,,,,,,,,,,,
531,"body part, wound, hurt, injury, blame or liability for so else's injury",अचः,,,,,,,,,,,,,,,,,,,,,,,
532,to be seriously injured,जुये,,,,,,,,,,,,,,,,,,,,,,,
533,to be seriously injured,लाये,,,,,,,,,,,,,,,,,,,,,,,
534,the child was seriously wounded,मचयता अचा लता,,,,,,,,,,,,,,,,,,,,,,,
535,"excessively, too much, improperly",अचाकलि,,,,,,,,,,,,,,,,,,,,,,,
536,"to have a stroke, to suffer from paralysis",अचाकलि गाये,,,,,,,,,,,,,,,,,,,,,,,
537,suddenly,अचानक​,,,,,,,,,,,,,,,,,,,,,,,
538,unconscious,अचेत​,,,,,,,,,,,,,,,,,,,,,,,
539,"something, something or other,  what's its name",अछिं,,,,,,,,,,,,,,,,,,,,,,,
540,"large, vast bodied",अजंगर​,,,,,,,,,,,,,,,,,,,,,,,
541,immortal,अजंबर​,,,,,,,,,,,,,,,,,,,,,,,
542,immortality,अजंबर​ पह​,,,,,,,,,,,,,,,,,,,,,,,
543,python,अजगर​,,,,,,,,,,,,,,,,,,,,,,,
544,"ignominy, dishonoar",अजय्,,,,,,,,,,,,,,,,,,,,,,,
545,to be slandered,अजय् फये,,,,,,,,,,,,,,,,,,,,,,,
546,to slander,अजय् बिये,,,,,,,,,,,,,,,,,,,,,,,
547,to dishonour,अजय् याये,,,,,,,,,,,,,,,,,,,,,,,
548,"mascara, black collyrium (consisting of soot, cardamom, camphor and nutmeg, boilt in oil) for protection of the eyes",अजः,,,,,,,,,,,,,,,,,,,,,,,
549,to apply collyrium,अजः उले,,,,,,,,,,,,,,,,,,,,,,,
550,to prepare collyrium,अजः खाके,,,,,,,,,,,,,,,,,,,,,,,
551,to become blackish (at the approach of death),अजः खये,,,,,,,,,,,,,,,,,,,,,,,
552,"Mother’s lips became blackish, to be in a bad temper",माम्या महुतुसी अजह खात​,,,,,,,,,,,,,,,,,,,,,,,
553,to prepare collyrium,अजः ताये,,,,,,,,,,,,,,,,,,,,,,,
554,to collect soot for collyrium,अजः फाये,,,,,,,,,,,,,,,,,,,,,,,
555,to apply collyrium,अजः फ्वये,,,,,,,,,,,,,,,,,,,,,,,
556,child whose face is smeared with soot,अजः ख्या,,,,,,,,,,,,,,,,,,,,,,,
557,"small box for keeping mascara (usually made of silver, part of a bride’s dowry)",अजः ख्या तयेसला,,,,,,,,,,,,,,,,,,,,,,,
558,kind of flower,अजः ख्या फुलिस्वां,,,,,,,,,,,,,,,,,,,,,,,
559,box for mascara (part of a bride's dowry),अजः ख्या बत्त​,,,,,,,,,,,,,,,,,,,,,,,
560,"uneven, ill-matched, wrong, odd",अजः बिज​,,,,,,,,,,,,,,,,,,,,,,,
561,"carraway (used as a spice and as a medicinal herb), Apium involucratum, celery",अजः मू,,,,,,,,,,,,,,,,,,,,,,,
562,box for collyrium,अजः साला,,,,,,,,,,,,,,,,,,,,,,,
563,vessel for preparing collyrium,अजः सलि,,,,,,,,,,,,,,,,,,,,,,,
564,museum,अजायवघर​,,,,,,,,,,,,,,,,,,,,,,,
565,"grandmother, midwife",अजि,,,,,,,,,,,,,,,,,,,,,,,
566,python,अजिंगर​,,,,,,,,,,,,,,,,,,,,,,,
567,sediment of beer,अजिक​,,,,,,,,,,,,,,,,,,,,,,,
568,"strong beer, beer from the dregs after distillation",अजिकध्वँ,,,,,,,,,,,,,,,,,,,,,,,
569,exvessively pock-marked,अजिक​,,,,,,,,,,,,,,,,,,,,,,,
570,"midwife, next to last. second youngest (of a son or daughter)",अजिचा,,,,,,,,,,,,,,,,,,,,,,,
571,Welcome,लसकुस,,,,,,,,,,,,,,,,,,,,,,,
572,Thank you,सुभाये,,,,,,,,,,,,,,,,,,,,,,,
573,Best Wishes,भिंन्तुना,,,,,,,,,,,,,,,,,,,,,,,
574,what happened?,छु जुला?,,,,,,,,,,,,,,,,,,,,,,,
575,what happened friend?,छु जुल पासा?,,,,,,,,,,,,,,,,,,,,,,,
576,what happened to you?,छिम्त छु जुला?,,,,,,,,,,,,,,,,,,,,,,,
577,What happened again?,हान्ह छु जुल ?,,,,,,,,,,,,,,,,,,,,,,,
578,What is happening?,छु जुया चोङ्गु दु ?,,,,,,,,,,,,,,,,,,,,,,,
579,come,व,,,,,,,,,,,,,,,,,,,,,,,
580,no money,ध्यबा मरु,,,,,,,,,,,,,,,,,,,,,,,
581,happened,जुला,,,,,,,,,,,,,,,,,,,,,,,
582,leave me,त्वति,,,,,,,,,,,,,,,,,,,,,,,
583,friend,पासा,,,,,,,,,,,,,,,,,,,,,,,
584,what again,हान्ह छु,,,,,,,,,,,,,,,,,,,,,,,
585,I'm coming,वाया चोउन​,,,,,,,,,,,,,,,,,,,,,,,
586,do it again,हन य​,,,,,,,,,,,,,,,,,,,,,,,
587,up to now,अझ​,,,,,,,,,,,,,,,,,,,,,,,
588,the matter is not decided up to now,खम अज हि कबमज्यु,,,,,,,,,,,,,,,,,,,,,,,
589,up till now, अझ तक​,,,,,,,,,,,,,,,,,,,,,,,
590,brick,अत​,,,,,,,,,,,,,,,,,,,,,,,
591,arjun tree,अतम्बसिँ,,,,,,,,,,,,,,,,,,,,,,,
592,to skip,अतये,,,,,,,,,,,,,,,,,,,,,,,
593,to alternate,अतये,,,,,,,,,,,,,,,,,,,,,,,
594,the bearer skipped me in serving food,भलिनम जितह अतल​,,,,,,,,,,,,,,,,,,,,,,,
595,i came up the stair skipping every second step,जिम सभाने अतया,,,,,,,,,,,,,,,,,,,,,,,
596,scent,अतर​,,,,,,,,,,,,,,,,,,,,,,,
597,fragrant rose,अतर गुलाफ​,,,,,,,,,,,,,,,,,,,,,,,
598,hign noon,अतरस​,,,,,,,,,,,,,,,,,,,,,,,
599,Don't go out during the hot noon time,पिहाम जभि नहिम​,,,,,,,,,,,,,,,,,,,,,,,
600,how can you get green vegetables out of season?,अतरसय न्याह भनाम भाउमचा,,,,,,,,,,,,,,,,,,,,,,,
601,one after another,अतः,,,,,,,,,,,,,,,,,,,,,,,
602,every second skipping one,छगु अतः,,,,,,,,,,,,,,,,,,,,,,,
603,every third skipping two,निगु अतः,,,,,,,,,,,,,,,,,,,,,,,
604,outskirts,गाम​,,,,,,,,,,,,,,,,,,,,,,,
605,living in the outskirts of a town,गामाः,,,,,,,,,,,,,,,,,,,,,,,
606,to do by turns,गाये,,,,,,,,,,,,,,,,,,,,,,,
607,he went upstairs skipping every other step,भ अतः गाया सभाने,,,,,,,,,,,,,,,,,,,,,,,
608,he comes every second day,भ अतः दिने भैगु,,,,,,,,,,,,,,,,,,,,,,,
609,remittent fever recurring every second,अतः ज्वर​,,,,,,,,,,,,,,,,,,,,,,,
610,ritual for the family patron deity performed during caitra or baishak,देगु पुजा,,,,,,,,,,,,,,,,,,,,,,,
611,visit to a family in mourning for which certain unsuitable days have to be avoided,बिचा,,,,,,,,,,,,,,,,,,,,,,,
612,alternately,बुत​,,,,,,,,,,,,,,,,,,,,,,,
613,alternation,बुतः,,,,,,,,,,,,,,,,,,,,,,,
614,to do by turns and to skip by turns,बुतः गाये,,,,,,,,,,,,,,,,,,,,,,,
615,refreshment taken during work in a field,अतः लि,,,,,,,,,,,,,,,,,,,,,,,
616,flat floor,अतालि,,,,,,,,,,,,,,,,,,,,,,,
617,fireworks,अतास्बजि,,,,,,,,,,,,,,,,,,,,,,,
618,to perform firework,केने,,,,,,,,,,,,,,,,,,,,,,,
619,joint of sugarcane,अति,,,,,,,,,,,,,,,,,,,,,,,
620,exvessively pock-marked,अतिकनं,,,,,,,,,,,,,,,,,,,,,,,
621,guest,अतिथि,,,,,,,,,,,,,,,,,,,,,,,
622,The investigation,अमेली,,,,,,,,,,,,,,,,,,,,,,,
623,Are you feeling well?,म्हं फु ला,,,,,,,,,,,,,,,,,,,,,,,
624,How are you?,जितः ला म्हं फु,,,,,,,,,,,,,,,,,,,,,,,
625,Long time no see,गुल्लि दत मखंगु,,,,,,,,,,,,,,,,,,,,,,,
626,What's your name?,छङ्गू नां छु ?,,,,,,,,,,,,,,,,,,,,,,,
628,Where are you from?,छ गन च्वंम्ह ?,,,,,,,,,,,,,,,,,,,,,,,
630,Pleased to meet you,छन्तः,,,,,,,,,,,,,,,,,,,,,,,
631,Good morning,ख्वाः सिले धुन ला ?,,,,,,,,,,,,,,,,,,,,,,,
632,Have you washed your face?,च्या त्वने धुन ला ?,,,,,,,,,,,,,,,,,,,,,,,
633,Good day,छं दिं बांलायेमा,,,,,,,,,,,,,,,,,,,,,,,
634,Good night,भिं चा,,,,,,,,,,,,,,,,,,,,,,,
635,Goodbye,का बाय्,,,,,,,,,,,,,,,,,,,,,,,
636,Good luck!,सुथां लायेमा,,,,,,,,,,,,,,,,,,,,,,,
637,Have a nice day,दिं बां लायेमा।,,,,,,,,,,,,,,,,,,,,,,,
638,Have a nice meal,प्वाः जायेक न,,,,,,,,,,,,,,,,,,,,,,,
639,Have a good journey,बांलाक्क हुँ,,,,,,,,,,,,,,,,,,,,,,,
640,Go and return well,बांलाक्क वनां वा,,,,,,,,,,,,,,,,,,,,,,,
641,I don't know,जिं मस्यू,,,,,,,,,,,,,,,,,,,,,,,
642,I understand,जिं थू,,,,,,,,,,,,,,,,,,,,,,,
643,I don't understand,जिं मथुल,,,,,,,,,,,,,,,,,,,,,,,
644,Please speak more slowly,भतिचा बुलुहुँ न्वंवानादिसँ,,,,,,,,,,,,,,,,,,,,,,,
645,Please speak more slowly,भतिचा बुलुहुँ न्वंवानादिसँ,,,,,,,,,,,,,,,,,,,,,,,
646,Please say that again,हाकनं धयादिसँ ले,,,,,,,,,,,,,,,,,,,,,,,
647,Please write it down,एक्क च्वयादिसँ ले,,,,,,,,,,,,,,,,,,,,,,,
648,Do you speak English?,छं इङ्लिस सः ला ?,,,,,,,,,,,,,,,,,,,,,,,
649,Do you speak Newar?,छं नेवाः खँ सः ला ?,,,,,,,,,,,,,,,,,,,,,,,
650,"Yes, a little","सः, भतिचा ।",,,,,,,,,,,,,,,,,,,,,,,
651,Speak to me in Newar,जि नापं नेवाः भासं खँ ल्हा ले ।,,,,,,,,,,,,,,,,,,,,,,,
652,How do you say ... in Newar?,... यातः नेवाः भासं छु धाइ ?,,,,,,,,,,,,,,,,,,,,,,,
653,Excuse me,से सा,,,,,,,,,,,,,,,,,,,,,,,
654,How much is this?,थुकेया गुलि?,,,,,,,,,,,,,,,,,,,,,,,
655,Sorry,छ्यमा,,,,,,,,,,,,,,,,,,,,,,,
656,Please,बिन्ति,,,,,,,,,,,,,,,,,,,,,,,
657,Thank you,सुभाय्,,,,,,,,,,,,,,,,,,,,,,,
658,Where's the toilet?,खिखांमुगः गन दु?,,,,,,,,,,,,,,,,,,,,,,,
659,This gentleman will pay for everything,वं ध्यबा पुली,,,,,,,,,,,,,,,,,,,,,,,
660,This lady will pay for everything,वयेकलं ध्यबा पुलादी,,,,,,,,,,,,,,,,,,,,,,,
661,Would you like to dance with me?,जि नापं प्याखं हुलेगु,,,,,,,,,,,,,,,,,,,,,,,
662,I miss you,छ लुमंसे वयाच्वन ।,,,,,,,,,,,,,,,,,,,,,,,
663,I love you,जितः छ नापं मतिना दु,,,,,,,,,,,,,,,,,,,,,,,
664,Get well soon,याकनं बःलायेमा,,,,,,,,,,,,,,,,,,,,,,,
665,Go away!,हुँ छ,,,,,,,,,,,,,,,,,,,,,,,
666,Leave me alone!,जितः याकःचा त्वःताब्यु ।,,,,,,,,,,,,,,,,,,,,,,,
667,Help!,ग्वहालि!,,,,,,,,,,,,,,,,,,,,,,,
668,Fire!,मिँ!,,,,,,,,,,,,,,,,,,,,,,,
669,Stop!,आसे!,,,,,,,,,,,,,,,,,,,,,,,
670,Call the police!,पुलिस सःति !,,,,,,,,,,,,,,,,,,,,,,,
671,New Year greetings,न्हू दँया भिंतुना,,,,,,,,,,,,,,,,,,,,,,,
672,Birthday greetings,बुदिंया भिंतुना,,,,,,,,,,,,,,,,,,,,,,,
673,One language is never enough,छता भाय् गुबलें मगाः,,,,,,,,,,,,,,,,,,,,,,,
674,Many many thanks,योको योको सुभाये,,,,,,,,,,,,,,,,,,,,,,,
675,Thanks for coming,वयदिउलि सुभाये,,,,,,,,,,,,,,,,,,,,,,,
676,Thanks for the help,ग्वाली यानादिउ लिए सुभाये,,,,,,,,,,,,,,,,,,,,,,,
677,come online,online वा,,,,,,,,,,,,,,,,,,,,,,,
678,who are you talking to?,सु नपा ख लहना चोनौ ?,,,,,,,,,,,,,,,,,,,,,,,
679,where are you?,गण ख छ ?,,,,,,,,,,,,,,,,,,,,,,,
680,where are my clothes mom?,मा जिगु ल्हा गण डु?,,,,,,,,,,,,,,,,,,,,,,,
681,Mom don't do too much work,मा योको ज्या ये मतय नही,,,,,,,,,,,,,,,,,,,,,,,
682,What will you eat mom?,मा  छु नौए?,,,,,,,,,,,,,,,,,,,,,,,
683,The sun is hot today,ठाउँ न्हीभा थि,,,,,,,,,,,,,,,,,,,,,,,
684,Do you drink cold?,ख्वोउ त्वोनुए ल?,,,,,,,,,,,,,,,,,,,,,,,
685,black cloud,हकुह सुपये,,,,,,,,,,,,,,,,,,,,,,,
686,white cloud,तुवुह सुपये,,,,,,,,,,,,,,,,,,,,,,,
687,cloud,सुपये,,,,,,,,,,,,,,,,,,,,,,,
688,red umbrella,ह्याँगु कुस,,,,,,,,,,,,,,,,,,,,,,,
689,blue umbrella,वोचु कुस,,,,,,,,,,,,,,,,,,,,,,,
690,Do you have umbrella?,कुस डु ल ?,,,,,,,,,,,,,,,,,,,,,,,
691,I shower every day,जी ल नही नही मोल्हुया,,,,,,,,,,,,,,,,,,,,,,,
692,All human beings are born free and equal in dignity and rights. They are endowed with reason and conscience and should act towards one another in a spirit of brotherhood.,सकलें मनूत स्वतन्त्र व ज्वलिज्वः आत्मसम्मान व वां दइकथं बुइ । इपिं स्वविवेक व सद्बुद्धि दयाः विवेकशील जुइ अले थवंथवय् दाजुकिजाकथं हनाबना याइ ।,,,,,,,,,,,,,,,,,,,,,,,
693,wheat,छो,,,,,,,,,,,,,,,,,,,,,,,
694,what,छु,,,,,,,,,,,,,,,,,,,,,,,
695,your,छिमिगु,,,,,,,,,,,,,,,,,,,,,,,
696,headache,कपा स्याट,,,,,,,,,,,,,,,,,,,,,,,
697,skin,छ्येंगु,,,,,,,,,,,,,,,,,,,,,,,
698,Turn on the light,म:ट च्याकी ।,,,,,,,,,,,,,,,,,,,,,,,
699,head,छ्यं,,,,,,,,,,,,,,,,,,,,,,,
700,goat,दुगु,,,,,,,,,,,,,,,,,,,,,,,
701,globalization,हलिमिकरण,,,,,,,,,,,,,,,,,,,,,,,
702,emotion,भावना,,,,,,,,,,,,,,,,,,,,,,,
703,love,मतिना,,,,,,,,,,,,,,,,,,,,,,,
704,mind,मस्तिस्क,,,,,,,,,,,,,,,,,,,,,,,
705,consciousness,ज्वः,,,,,,,,,,,,,,,,,,,,,,,
706,experience,अनुभव,,,,,,,,,,,,,,,,,,,,,,,
707,printing,अनुभव,,,,,,,,,,,,,,,,,,,,,,,
708,heart,नुगः,,,,,,,,,,,,,,,,,,,,,,,
709,mercy,दया,,,,,,,,,,,,,,,,,,,,,,,
710,ratio,अनुपात,,,,,,,,,,,,,,,,,,,,,,,
711,ear,न्हाय्पं,,,,,,,,,,,,,,,,,,,,,,,
712,faith,आस्था,,,,,,,,,,,,,,,,,,,,,,,
713,constitution,संविधान,,,,,,,,,,,,,,,,,,,,,,,
714,taste,सवाः,,,,,,,,,,,,,,,,,,,,,,,
715,thought,विचार,,,,,,,,,,,,,,,,,,,,,,,
716,pride,अहङ्कार,,,,,,,,,,,,,,,,,,,,,,,
717,nature,इयऱ्कै,,,,,,,,,,,,,,,,,,,,,,,
718,aptitude,दक्षता,,,,,,,,,,,,,,,,,,,,,,,
719,intelligence,मेधावी,,,,,,,,,,,,,,,,,,,,,,,
720,do you have money?,ध्यबा मरु ला ?,,,,,,,,,,,,,,,,,,,,,,,
721,no money my friend what to do,ध्यबा मरु छु याउ पासा ।,,,,,,,,,,,,,,,,,,,,,,,
722,no money no love,ध्यबा मरु मती ना मरु ।,,,,,,,,,,,,,,,,,,,,,,,
723,no money in pocket,म्हीचाए ध्यबा मरु ।,,,,,,,,,,,,,,,,,,,,,,,
724,no money but have heart,ध्यबा मरु नुग दु ।,,,,,,,,,,,,,,,,,,,,,,,
725,A person without money is useless.,ध्यबा मरुम मनु छु ज्याले मजु ।,,,,,,,,,,,,,,,,,,,,,,,
726,beautiful,बलमा,,,,,,,,,,,,,,,,,,,,,,,
727,you are beautiful,च गुली बाला ,,,,,,,,,,,,,,,,,,,,,,,
728,beautiful love,बलम म्याजु ,,,,,,,,,,,,,,,,,,,,,,,
729,your beautiful eyes,छंगु मिखा बाला,,,,,,,,,,,,,,,,,,,,,,,
730,more beautiful,तस्का बाला ,,,,,,,,,,,,,,,,,,,,,,,
731,your beautiful nose,छंगु न्ह्य बाला,,,,,,,,,,,,,,,,,,,,,,,
732,your beautiful hair,छंगु सा बाला,,,,,,,,,,,,,,,,,,,,,,,
733,today is a good day,ठाउ बलाउ दि खा ,,,,,,,,,,,,,,,,,,,,,,,
734,you are so beautiful,चा तस्का बाला,,,,,,,,,,,,,,,,,,,,,,,
735,your beautiful body,छंगु माहा बाला,,,,,,,,,,,,,,,,,,,,,,,
736,your heart is beautiful,छंगु नुगा बाला,,,,,,,,,,,,,,,,,,,,,,,
737,your beautiful teeth,छंगु वा बाला ,,,,,,,,,,,,,,,,,,,,,,,
738,beautiful lady,बालामा मानु ,,,,,,,,,,,,,,,,,,,,,,,
739,Hello baby doll,हेल्लो हीशी दु म कतामरी ।,,,,,,,,,,,,,,,,,,,,,,,
740,My king.,जिगु जुजु ।,,,,,,,,,,,,,,,,,,,,,,,
741,What are you doing ?,छ छु याना चोनागु,,,,,,,,,,,,,,,,,,,,,,,
742,I won’t say.,जि धाय मखु ।,,,,,,,,,,,,,,,,,,,,,,,
743,Please tell me.,धा ले ।,,,,,,,,,,,,,,,,,,,,,,,
744,I’m on a date with another boy,जि छम मिज नाप चाह्यु वोया चोनागु दु ।,,,,,,,,,,,,,,,,,,,,,,,
745,Don’t be oversmart.,अप्वो जुई मत्ये ।,,,,,,,,,,,,,,,,,,,,,,,
746,Okay don’t be angry.,त चाये मत्ये ले,,,,,,,,,,,,,,,,,,,,,,,
747,I’m writing computer program and you ?,"जि कम्प्युटर प्रोग्राम चोया चोना गु, छ ले ?",,,,,,,,,,,,,,,,,,,,,,,
748,I’m listening to a song.,जि म्ये न्यना चोनागु ।,,,,,,,,,,,,,,,,,,,,,,,
749,Which song you are listening right now?,आ छ छु म्ये न्यना चोनागु ?,,,,,,,,,,,,,,,,,,,,,,,
750,1,छगु,,,,,,,,,,,,,,,,,,,,,,,
751,2,निगु,,,,,,,,,,,,,,,,,,,,,,,
752,3,स्वोङगु,,,,,,,,,,,,,,,,,,,,,,,
753,4,प्यङगु,,,,,,,,,,,,,,,,,,,,,,,
754,5,न्यागु,,,,,,,,,,,,,,,,,,,,,,,
755,6,खुगु,,,,,,,,,,,,,,,,,,,,,,,
756,7,न्ह्येगु,,,,,,,,,,,,,,,,,,,,,,,
757,8,च्यागु,,,,,,,,,,,,,,,,,,,,,,,
758,9,गुङगु,,,,,,,,,,,,,,,,,,,,,,,
759,10,झिगु,,,,,,,,,,,,,,,,,,,,,,,
760,I’m not feeling well.,जित म्ह सुकु मरु ।,,,,,,,,,,,,,,,,,,,,,,,
761,What is the matter ?,छु जुल ?,,,,,,,,,,,,,,,,,,,,,,,
762,I have high fever for the past two days.,निनु डे धुनकल जित तस्क जोरो वोया चोङु दु ।,,,,,,,,,,,,,,,,,,,,,,,
763,I am suffering from cold and cough.,जित शेख चाना मुसु वया चोङु दु ।,,,,,,,,,,,,,,,,,,,,,,,
764,My eyes are watering.,जिगु मिखाले खोबी वोया चोङु दु ।,,,,,,,,,,,,,,,,,,,,,,,
765,My love,जिगु मतिना,,,,,,,,,,,,,,,,,,,,,,,
766,Girlfriend,मिसा पासा,,,,,,,,,,,,,,,,,,,,,,,
767,Boyfriend,मिजँ पासा,,,,,,,,,,,,,,,,,,,,,,,
768,I like you so much.,जिता चा सिके या ,,,,,,,,,,,,,,,,,,,,,,,
769,i love you so much,जी छन्त योको मतिना याना,,,,,,,,,,,,,,,,,,,,,,,
770,i love you too,जी छन्ता मतिना याना,,,,,,,,,,,,,,,,,,,,,,,
771,person,मनु,,,,,,,,,,,,,,,,,,,,,,,
772,boy,मिजँ,,,,,,,,,,,,,,,,,,,,,,,
773,girl,मिसा,,,,,,,,,,,,,,,,,,,,,,,
774,child,मचा,,,,,,,,,,,,,,,,,,,,,,,
775,only one person,छम्ह,,,,,,,,,,,,,,,,,,,,,,,
776,two people,नीम्ह,,,,,,,,,,,,,,,,,,,,,,,
777,husband,भाट,,,,,,,,,,,,,,,,,,,,,,,
778,wife,कला,,,,,,,,,,,,,,,,,,,,,,,
779,nose,न्हाय्,,,,,,,,,,,,,,,,,,,,,,,
780,tongue,मे,,,,,,,,,,,,,,,,,,,,,,,
781,neck,गप,,,,,,,,,,,,,,,,,,,,,,,
782,heart,नुग,,,,,,,,,,,,,,,,,,,,,,,
783,chest,दुरुपा,,,,,,,,,,,,,,,,,,,,,,,
784,hand,ल्हा,,,,,,,,,,,,,,,,,,,,,,,
785,body,म्ह,,,,,,,,,,,,,,,,,,,,,,,
786,leg,टुटी,,,,,,,,,,,,,,,,,,,,,,,
787,butt,प्यँ,,,,,,,,,,,,,,,,,,,,,,,
788,mother in law,ससमाँ,,,,,,,,,,,,,,,,,,,,,,,
789,father in law,ससअबु,,,,,,,,,,,,,,,,,,,,,,,
790,son in law,भाजु,,,,,,,,,,,,,,,,,,,,,,,
791,daughter in law,भौम्चा,,,,,,,,,,,,,,,,,,,,,,,
792,husband sister,केँवत,,,,,,,,,,,,,,,,,,,,,,,
793,elder mother-in-law,ससतता,,,,,,,,,,,,,,,,,,,,,,,
794,sister in law,ससकेँ,,,,,,,,,,,,,,,,,,,,,,,
795,brother in law,ससकिजा,,,,,,,,,,,,,,,,,,,,,,,
796,"Among all the thorns of life, love is just like a beautiful flower.",जीवनया दक्व्वो क ले मतिना छगु बाला गु स्वा थे ख ।,,,,,,,,,,,,,,,,,,,,,,,
797,जीवनया दक्व्वो क ले मतिना छगु बाला गु स्वा थे ख ।,जीवनया दक्व्वो क ले मतिना छगु बाला गु स्वा थे ख ।,,,,,,,,,,,,,,,,,,,,,,,
798,My heart is like an empty bottle without you. Which may look good but of no use.,छ बिना जिगु नुग खाली सिसी थे ख । बाला खने डे फु तर ज्याले मजु ।,,,,,,,,,,,,,,,,,,,,,,,
799,Love does not need special time. It just happened.,मतिना यात ई ब्य म्वा । थ्वो अथे जुई ।,,,,,,,,,,,,,,,,,,,,,,,
800,You are my only dream.,छ जिगु छगुहेजक म्हगस ख ।,,,,,,,,,,,,,,,,,,,,,,,
801,I am sending my love sms to my wife just to see her smile.,"जि जिगु मतिना एसएमएस जिमी कला यात छोया चोना, वो न्हियुगु स्वोयता ।",,,,,,,,,,,,,,,,,,,,,,,
802,Love is the medicine for any kind of pain.,मतिना न्ह्यागु न श्यागु यात वास ख ।,,,,,,,,,,,,,,,,,,,,,,,
803,"Love is like fire, the fire that warms the heart","मतिना मि थे ख, मि गुके नुग यात लुमुसे चोङकी ।",,,,,,,,,,,,,,,,,,,,,,,
804,I will never stop loving you.,जि छन्त मतिना याये गु गब्ले दिके मखु ।,,,,,,,,,,,,,,,,,,,,,,,
805,I just love hugging you.,जित छन्त घ्ये पुया ते य ।,,,,,,,,,,,,,,,,,,,,,,,
806,monkey,माक,,,,,,,,,,,,,,,,,,,,,,,
807,big monkey,तर्हिम्ह,,,,,,,,,,,,,,,,,,,,,,,
808,small monkey,चिर्हिम्ह,,,,,,,,,,,,,,,,,,,,,,,
809,white monkey,तुयुम्ह,,,,,,,,,,,,,,,,,,,,,,,
810,monkey red asshole,हयाउँ ख्य्याम्प्वा,,,,,,,,,,,,,,,,,,,,,,,
811,hole,प्वा,,,,,,,,,,,,,,,,,,,,,,,
812,monkey tail,माकया न्य्हपँ,,,,,,,,,,,,,,,,,,,,,,,
813,Are you a monkey?,छ माक ख ला?,,,,,,,,,,,,,,,,,,,,,,,
814,You look like a monkey.,छ माक थेँ चोँव ।,,,,,,,,,,,,,,,,,,,,,,,
815,Monkey’s baby.,माकया मचा,,,,,,,,,,,,,,,,,,,,,,,
816,Baby monkey,माक मचा,,,,,,,,,,,,,,,,,,,,,,,
817,Oh monkey.,ऐ माक,,,,,,,,,,,,,,,,,,,,,,,
818,Oh monkey come here.,ऐ माक थन वा ।,,,,,,,,,,,,,,,,,,,,,,,
819,Shut up monkey.,हाले मते सुन्कँ चोँ माक ।,,,,,,,,,,,,,,,,,,,,,,,
820,I have a runny nose.,जिगु न्हाश न्ही वया चोङु दु ।,,,,,,,,,,,,,,,,,,,,,,,
821,I have a headache.,जित कपा श्याना चोङु दु ।,,,,,,,,,,,,,,,,,,,,,,,
822,I have a bad stomachache.,जित तस्क प्वा श्याना चोङु दु ।,,,,,,,,,,,,,,,,,,,,,,,
823,I feel like vomiting.,जित तस्क त्यनुसे चोना चोङु दु ।,,,,,,,,,,,,,,,,,,,,,,,
824,I am feeling very weak.,जि बमलागु थे चोना चोङु दु ।,,,,,,,,,,,,,,,,,,,,,,,
825,I am giving you medicines for three days.,जि छन्त स्वोनु यात वास बि ।,,,,,,,,,,,,,,,,,,,,,,,
826,You have to take medicines.,छि वास ने हे माली ।,,,,,,,,,,,,,,,,,,,,,,,
827,Get well soon.,याकन लनेमा ।,,,,,,,,,,,,,,,,,,,,,,,
828,Thank you very much Doctor.,योको योको शुभाये डाक्टर ।,,,,,,,,,,,,,,,,,,,,,,,
829,You are like a he-goat,छ दुकुचा थेँ चोवँ ।,,,,,,,,,,,,,,,,,,,,,,,
830,do not speak too much,प्वो हालौउ ख ला ,,,,,,,,,,,,,,,,,,,,,,,
831,i will beat you,छँन्त जीँई दाया बीई ।,,,,,,,,,,,,,,,,,,,,,,,
832,can you carry me?,जित बुई फु ल ?,,,,,,,,,,,,,,,,,,,,,,,
833,your eyes looks like a cat eyes,मिखा स्वो रे भौउचिऊ थेँ चोवँ ।,,,,,,,,,,,,,,,,,,,,,,,
834,your face looks like a thief,ख्वा स्वोले खुँ थेँ चोवँ ।,,,,,,,,,,,,,,,,,,,,,,,
835,Don't be fooled by girls,मिजँतेउ चक्करे लाए मते इकुसे चोनि ।,,,,,,,,,,,,,,,,,,,,,,,
836,let's go to work,नु ज्या या वोने,,,,,,,,,,,,,,,,,,,,,,,
837,let's go to eat rice,नु जा न वोने,,,,,,,,,,,,,,,,,,,,,,,
838,"we don't get full by looking at the young woman, go have lunch",ल्यासे स्वोया प्वा जाई मखु पासा नु बजि न वोने ।,,,,,,,,,,,,,,,,,,,,,,,
839,let's go to have some tea,च्या त्वो वोने,,,,,,,,,,,,,,,,,,,,,,,
840,Don't talk like that bro,थयौउ खँ ल्हाए म्ते भाइचा ।,,,,,,,,,,,,,,,,,,,,,,,
841,what a badass,गयौउ हाराँ,,,,,,,,,,,,,,,,,,,,,,,
842,don't speak keep quite,हाले मते सुन्कँ चोवँ ।,,,,,,,,,,,,,,,,,,,,,,,
843,shut up,सुन्कँ चोवँ ।,,,,,,,,,,,,,,,,,,,,,,,
844,can you sign?,साइन याए व ला ?,,,,,,,,,,,,,,,,,,,,,,,
845,do you have cheque book?,चेक बूक दु ला ?,,,,,,,,,,,,,,,,,,,,,,,
846,do you have small passport size photo?,चिपाउ किपा दु ला ?,,,,,,,,,,,,,,,,,,,,,,,
847,how much money you want to withdraw?,गुली ध्यबा लिकाए माउ ?,,,,,,,,,,,,,,,,,,,,,,,
848,do you want to deposit money?,गुली ध्यबा लिकाए माउ ?,,,,,,,,,,,,,,,,,,,,,,,
849,do you want to withdraw money?,ध्यबा लिकाय माउ खला ?,,,,,,,,,,,,,,,,,,,,,,,
850,what to do?,छु याए माउ ।,,,,,,,,,,,,,,,,,,,,,,,
851,tell your phone number,फोन ल्या धयादिसँ ।,,,,,,,,,,,,,,,,,,,,,,,
852,do you have phone at your home?,छे फोन दुला ?,,,,,,,,,,,,,,,,,,,,,,,
853,what is your home phone number?,छे फोन दुला ?,,,,,,,,,,,,,,,,,,,,,,,
854,It hurts like death,सिक्के श्यात,,,,,,,,,,,,,,,,,,,,,,,
855,give me medicine,जिता वाश याना बिउ,,,,,,,,,,,,,,,,,,,,,,,
856,What happened to me?,जित छु जुल छु जुल,,,,,,,,,,,,,,,,,,,,,,,
857,I just feel sleepy,जित न्ह्य जक वई,,,,,,,,,,,,,,,,,,,,,,,
858,teeth paining,वा श्यात,,,,,,,,,,,,,,,,,,,,,,,
859,do you like to eat food?,जा ने मासे व ला ?,,,,,,,,,,,,,,,,,,,,,,,
860,cough,मुसु,,,,,,,,,,,,,,,,,,,,,,,
861,urinate,चो,,,,,,,,,,,,,,,,,,,,,,,
862,sweat,चति,,,,,,,,,,,,,,,,,,,,,,,
863,stool,खी,,,,,,,,,,,,,,,,,,,,,,,
864,do you have fever?,जोरो वो ला ?,,,,,,,,,,,,,,,,,,,,,,,
865,do you feel sleepy?,न्ह्य वो ला ?,,,,,,,,,,,,,,,,,,,,,,,
866,do you have headache?,छ् यँ श्या ला ?,,,,,,,,,,,,,,,,,,,,,,,
867,take your tongue,म्ये लिकासा,,,,,,,,,,,,,,,,,,,,,,,
868,after that,अले,,,,,,,,,,,,,,,,,,,,,,,
869,do this work later on,भ ज्या अले याह​,,,,,,,,,,,,,,,,,,,,,,,
870,then what happened?,अले छु जुल?,,,,,,,,,,,,,,,,,,,,,,,
871,confusion and unclear thinking,अल्मल​,,,,,,,,,,,,,,,,,,,,,,,
872,to be confused,अल्मलय जुये,,,,,,,,,,,,,,,,,,,,,,,
873,to think,अल्मलय याये,,,,,,,,,,,,,,,,,,,,,,,
874,though a whole day was spent to think it over,अल्मल यायाम हे न्हिचि बित,,,,,,,,,,,,,,,,,,,,,,,
875,the matter has not settled,खम कभमज्यु,,,,,,,,,,,,,,,,,,,,,,,
876,marriage ceremony in which prior to her first mensturation a girl is married to the bel fruit to prevent her from becoming a widow,इहि,,,,,,,,,,,,,,,,,,,,,,,
877,to arrange a ceremony,इहिमुंके,,,,,,,,,,,,,,,,,,,,,,,
878,to be watering,ई चुलु वने,,,,,,,,,,,,,,,,,,,,,,,
879,to spit,ई फाये,,,,,,,,,,,,,,,,,,,,,,,
880,it is time for them to come,ई छ्याये,,,,,,,,,,,,,,,,,,,,,,,
881,to kill the time,ई जुये,,,,,,,,,,,,,,,,,,,,,,,
882,to be time,ई बिये,,,,,,,,,,,,,,,,,,,,,,,
883,he gave me an appointment for tomorrow,भम जितह कन्हय्यागु,,,,,,,,,,,,,,,,,,,,,,,
884,to search for an auspicious time,वाले,,,,,,,,,,,,,,,,,,,,,,,
885,to break ones promise,ई फेये,,,,,,,,,,,,,,,,,,,,,,,
886,according to the occasion,ईकथं,,,,,,,,,,,,,,,,,,,,,,,
887,yellow mustard seed,ईका,,,,,,,,,,,,,,,,,,,,,,,
888,grain of oil producing plant,ईका पःका,,,,,,,,,,,,,,,,,,,,,,,
889,to cause to collect,ईके,,,,,,,,,,,,,,,,,,,,,,,
890,spirit of revange,ईख​,,,,,,,,,,,,,,,,,,,,,,,
891,hot dish of rice flour,ईदाइचा,,,,,,,,,,,,,,,,,,,,,,,
892,time,ईब्य​,,,,,,,,,,,,,,,,,,,,,,,
893,because the people revolted democracy came,उकिं,,,,,,,,,,,,,,,,,,,,,,,
894,slightly,उकुथुकु,,,,,,,,,,,,,,,,,,,,,,,
895,incurable wound or boil,उकुम​,,,,,,,,,,,,,,,,,,,,,,,
896,once up on a time,उखःबनय्,,,,,,,,,,,,,,,,,,,,,,,
897,on that day,उखुन्हु,,,,,,,,,,,,,,,,,,,,,,,
898,on that side or towards that side,उखे,,,,,,,,,,,,,,,,,,,,,,,
899,on both side or here and there,थुखे,,,,,,,,,,,,,,,,,,,,,,,
900,from that side,पाखे,,,,,,,,,,,,,,,,,,,,,,,
901,over here,उखेर​,,,,,,,,,,,,,,,,,,,,,,,
902,uncomfortable,उके मुखे,,,,,,,,,,,,,,,,,,,,,,,
903,shoulder cloth of a monk,उखेलखा,,,,,,,,,,,,,,,,,,,,,,,
904,to be stagnant,उगये,,,,,,,,,,,,,,,,,,,,,,,
905,this and that,उगु थुगु,,,,,,,,,,,,,,,,,,,,,,,
906,whichever,उगं थुग,,,,,,,,,,,,,,,,,,,,,,,
907,at once,उघरिमय्,,,,,,,,,,,,,,,,,,,,,,,
908,drum makers tool used for smoothing the leather on the rims of a drum head,उचातन​,,,,,,,,,,,,,,,,,,,,,,,
909,command or order,उजं,,,,,,,,,,,,,,,,,,,,,,,
910,to carry out on order,छेले,,,,,,,,,,,,,,,,,,,,,,,
911,to be permitted or to be approved,दये,,,,,,,,,,,,,,,,,,,,,,,
912,to obey an order,नेने,,,,,,,,,,,,,,,,,,,,,,,
913,soon,उजुं,,,,,,,,,,,,,,,,,,,,,,,
914,as he didnot come on time i went home,भ उजुम्सुजुम मभह्सेम्लि चेम्भया,,,,,,,,,,,,,,,,,,,,,,,
915,a little bit away,उज्या,,,,,,,,,,,,,,,,,,,,,,,
916,to bring a complaint,उजुर​,,,,,,,,,,,,,,,,,,,,,,,
917,to move slightly towards the side,चिले,,,,,,,,,,,,,,,,,,,,,,,
918,hither and thither,थ्य्ज्यां,,,,,,,,,,,,,,,,,,,,,,,
919,to come nearer,वये,,,,,,,,,,,,,,,,,,,,,,,
920,nacklace made of cloth worn during a sraddha ceremony,उतरि,,,,,,,,,,,,,,,,,,,,,,,
921,as much as,उति,,,,,,,,,,,,,,,,,,,,,,,
922,to be at equal distance,गेने,,,,,,,,,,,,,,,,,,,,,,,
923,example,उदाहरन​,,,,,,,,,,,,,,,,,,,,,,,
924,wool,उन​,,,,,,,,,,,,,,,,,,,,,,,
925,to make up,छाये,,,,,,,,,,,,,,,,,,,,,,,
926,to thread,उने,,,,,,,,,,,,,,,,,,,,,,,
927,novel or fiction,उपन्यास​,,,,,,,,,,,,,,,,,,,,,,,
928,outer area of a town,उपाकु,,,,,,,,,,,,,,,,,,,,,,,
929,solution,उपाय्,,,,,,,,,,,,,,,,,,,,,,,
930,to walk in a (funeral) procession around the old city limit (held on the 12th day of the bright half of bhadra for the liberation of a family member deceased during the preceding ear) ,उपाकु उले,,,,,,,,,,,,,,,,,,,,,,,
931,to observe a fast,उपाकु उले,,,,,,,,,,,,,,,,,,,,,,,
932,to consult or to ask for advice,उफ्वने,,,,,,,,,,,,,,,,,,,,,,,
933,at that time,उबलय्,,,,,,,,,,,,,,,,,,,,,,,
934,to assemble,उमुने,,,,,,,,,,,,,,,,,,,,,,,Nepali Unicode Converter to Type or Write with Nepali Keyboard
935,during that time,उबाय्त​,,,,,,,,,,,,,,,,,,,,,,,
936,a kind of balance scales for measuring food in the market consisting of a steel or wooden yard with one pan and a counter balance built into the yard,उमु,,,,,,,,,,,,,,,,,,,,,,,
937,whoever or whosoever,उम्ह थुम्ह​,,,,,,,,,,,,,,,,,,,,,,,
938,to became a aged or old,उमेर​,,,,,,,,,,,,,,,,,,,,,,,
939,to dring water by pouring it form a spouted vessel directly into the mouth,उयाये,,,,,,,,,,,,,,,,,,,,,,,
940,to bake,उये,,,,,,,,,,,,,,,,,,,,,,,
941,shooting star,उरः,,,,,,,,,,,,,,,,,,,,,,,
942,to rain continuously for many days,जुये,,,,,,,,,,,,,,,,,,,,,,,
943,if it rains for days on end the river will flow over,उरः जुल कि खुसि बाह भइ,,,,,,,,,,,,,,,,,,,,,,,
944,name of a large group of castes among the buddhist newars ,उराय्,,,,,,,,,,,,,,,,,,,,,,,
945,wood of banyan tree,उलगःर्सि,,,,,,,,,,,,,,,,,,,,,,,
946,species of paddy,उला,,,,,,,,,,,,,,,,,,,,,,,
947,painting,उला उला,,,,,,,,,,,,,,,,,,,,,,,
948,inauguration,उलाज्या,,,,,,,,,,,,,,,,,,,,,,,
949,kind of brownish beaten rice of high quality,उलाबजि,,,,,,,,,,,,,,,,,,,,,,,
950,to gather together,उलाये,,,,,,,,,,,,,,,,,,,,,,,
951,The festival is fun only when the chariots from the seven villages have come together,न्हय्गम्या द्यह खह उलात धाय्व जक जात्रा बाम्लाइ,,,,,,,,,,,,,,,,,,,,,,,
952,so many,उलि,,,,,,,,,,,,,,,,,,,,,,,
953,sensation of itching,उलि उलि,,,,,,,,,,,,,,,,,,,,,,,
954,to feel itchy,उलि उलि मिने,,,,,,,,,,,,,,,,,,,,,,,
955,to wriggle,उलि उलि सने,,,,,,,,,,,,,,,,,,,,,,,
956,the childs hand twitched for eagerness to beat the drum,भ मचाया ल्हाह खिम थायेत उलिउलि सन​,,,,,,,,,,,,,,,,,,,,,,,
957,are you aunty,निनी ख ला ?,,,,,,,,,,,,,,,,,,,,,,,
958,"No, I am aunty's mother-in-law",मखु जि निनी या माजु,,,,,,,,,,,,,,,,,,,,,,,
959,hello mom are you ok,ए ज्वोजलपा माँ,,,,,,,,,,,,,,,,,,,,,,,
960,I'm fine And what about you?,म्ह फु । अले बाबु यात ले ?,,,,,,,,,,,,,,,,,,,,,,,
961,I am fine too. I called to call Nakhtya because he was at home today.,जि न म्ह फू । थौं छें नख्त्या जुगुलिं नखत्या स्ते त फोन यानौउ का ।,,,,,,,,,,,,,,,,,,,,,,,
962,wait I will call him.,आसे न्हि जिं सता बिइ ।,,,,,,,,,,,,,,,,,,,,,,,
963,Sita come down at once.,ए सिता कुने छक वा सा ।,,,,,,,,,,,,,,,,,,,,,,,
964,why mom,छाए माँ ।,,,,,,,,,,,,,,,,,,,,,,,
965,Your call came.,छँगु फोन वोल ।,,,,,,,,,,,,,,,,,,,,,,,
966,coming wait for a while,"वोल न्हि, पल्ख आसे ।",,,,,,,,,,,,,,,,,,,,,,,
967,"Hello aunty, have you had tea?","हेलो निनि, च्या त्वोने धुन ला ?",,,,,,,,,,,,,,,,,,,,,,,
968,ate,त्वोने धुन ।,,,,,,,,,,,,,,,,,,,,,,,
969,Tell uncle to come soon.,पाजु यात न हाईँचा याक्नं झासँ धा न्हि ।,,,,,,,,,,,,,,,,,,,,,,,
970,"I will cook the food, come soon.","जा थुया ते, निनी यक्ना वा न्हि ।",,,,,,,,,,,,,,,,,,,,,,,
971,hair,सं,,,,,,,,,,,,,,,,,,,,,,,
972,I came with a haircut,सं चाना वोयौउ ।,,,,,,,,,,,,,,,,,,,,,,,
973,lets go get a haircut,सं चा हुँ ।,,,,,,,,,,,,,,,,,,,,,,,
974,Hair grew long,सं ता हा-क जुल ।,,,,,,,,,,,,,,,,,,,,,,,
975,said,धासा धाल धाई,,,,,,,,,,,,,,,,,,,,,,,
976,say,धासा,,,,,,,,,,,,,,,,,,,,,,,
977,Say it,धासा धा,,,,,,,,,,,,,,,,,,,,,,,
978,Give me a smile,छ-क मुसुक्क न्हिला बिउ,,,,,,,,,,,,,,,,,,,,,,,
979,I like your smile very much.,छ न्हिलिउ जित तस्कं य ।,,,,,,,,,,,,,,,,,,,,,,,
980,i love to see your smiling,छ न्हिलिउ य ।,,,,,,,,,,,,,,,,,,,,,,,
981,A red dress or kurta or saree suits you.,छंन्त ह्यांगु लं व कुर्ता व पर्सि ल्वो ।,,,,,,,,,,,,,,,,,,,,,,,
982,Red Tika suits you very well.,छंन्त ह्यांगु सिन गयउ तस्कं ल्वो ।,,,,,,,,,,,,,,,,,,,,,,,
983,Ram is in a hurry to go to the toilet.,रामयात खि फाए हथाए जुई ।,,,,,,,,,,,,,,,,,,,,,,,
984,Happy new year.,न्हु दँया भिन्तुना ।,,,,,,,,,,,,,,,,,,,,,,,
985,what's up,छु खँ ?,,,,,,,,,,,,,,,,,,,,,,,
986,Did you ask?,न्यन ला धया ।,,,,,,,,,,,,,,,,,,,,,,,
987,It's like asking.,न्यन थें चोंव ।,,,,,,,,,,,,,,,,,,,,,,,
988,I had a friend when I was little.,मचा बले जिगु छ-म पासा दुउ ।,,,,,,,,,,,,,,,,,,,,,,,
989,That friend went to study in another school.,वो पासा मेगु स्कुलले आख ब्वों वोन ।,,,,,,,,,,,,,,,,,,,,,,,
990,I gave him one of my photos.,जिं उईत जिगु छ्पा फोटो बियौउ ।,,,,,,,,,,,,,,,,,,,,,,,
991,girls,मिस-त,,,,,,,,,,,,,,,,,,,,,,,
992,where is your girl?,छंगु मिसा ग्वो ?,,,,,,,,,,,,,,,,,,,,,,,
993,A girl like a monkey.,माक थें न्या-म मिसा ।,,,,,,,,,,,,,,,,,,,,,,,
994,forgive,माफ यानादिसँ ।,,,,,,,,,,,,,,,,,,,,,,,
995,I will upload the video after a while.,पल्ख लिपा भिडियो अप्लोद याए ।,,,,,,,,,,,,,,,,,,,,,,,
996,Wait a minute.,पल्ख पियादिसँ न्हि ।,,,,,,,,,,,,,,,,,,,,,,,
997,Is the video good?,भिडियो बाँला ला ?,,,,,,,,,,,,,,,,,,,,,,,
998,I have gone,जी वो-न न्हि ।,,,,,,,,,,,,,,,,,,,,,,,
999,"Hey, do you have any tea?",ए साउनी च्या दु ला ?,,,,,,,,,,,,,,,,,,,,,,,
1000,"Oh little one, make some tea",ए कान्छी च्या दाएकी ।,,,,,,,,,,,,,,,,,,,,,,,
1001,Milk Tea,दुरु दुउ च्या,,,,,,,,,,,,,,,,,,,,,,,
1002,Black Tea,हाकुउ च्या,,,,,,,,,,,,,,,,,,,,,,,
,Is it Indrajatra today?,ठौ ईन्द्रजात्रा ख ला ?,,,,,,,,,,,,,,,,,,,,,,,
,lets go to see Indra Jatra,नु ईन्द्रजात्रा स्वो वोने ।,,,,,,,,,,,,,,,,,,,,,,,
,Lakhe,लशिँ – पुलुकिशि,,,,,,,,,,,,,,,,,,,,,,,
,You are like a lakhe,छ लाखे थें चोँ ।,,,,,,,,,,,,,,,,,,,,,,,
,Is your beloved well?,छिमी यज्जु म्ह फु ला ?,,,,,,,,,,,,,,,,,,,,,,,
,I am fine,जी म्ह फु ।,,,,,,,,,,,,,,,,,,,,,,,